first_name,last_name,email,password,username,date
Jerrilyn,Warland,jwarland0@wp.com,xzZDk0,jwarland0,2017-09-10 08:21:33
Carmella,Markel,cmarkel1@smugmug.com,FJgsN4,cmarkel1,2020-07-13 20:46:19
Astra,Sewell,asewell2@blinklist.com,1CGSHHm7pclA,asewell2,2021-03-12 01:07:23
Kareem,Roy,kroy3@paypal.com,awrxKM2hUg,kroy3,2021-11-13 22:49:51
Barbara,Housbie,bhousbie4@chron.com,FfXrMkoOpjD,bhousbie4,2017-05-22 09:52:43
Hercule,Dorwood,hdorwood5@sitemeter.com,YNaPCRloNP,hdorwood5,2017-01-03 05:50:40
Phelia,Quarrie,pquarrie6@geocities.com,kuUPTFHz,pquarrie6,2016-10-19 18:51:54
Elliot,Gilleson,egilleson7@loc.gov,7PeSJ7Hmn,egilleson7,2019-11-29 01:07:24
Wenda,MacClenan,wmacclenan8@mapquest.com,NqiRpW,wmacclenan8,2016-05-15 15:25:40
Mella,Pulley,mpulley9@china.com.cn,AjwbNpWbW,mpulley9,2017-06-15 15:57:27
Sallyann,Di Biasi,sdibiasia@ning.com,g6ZlI0yf8CR,sdibiasia,2020-02-26 20:16:52
Bee,Hubery,bhuberyb@java.com,XCkxF0S,bhuberyb,2015-03-04 08:40:25
Trudie,Arrundale,tarrundalec@illinois.edu,75nnGvAm,tarrundalec,2019-07-14 20:50:28
Auroora,Epinay,aepinayd@washingtonpost.com,JqEqZcP2XCaG,aepinayd,2018-12-14 18:28:12
Sonnnie,Sleany,ssleanye@ed.gov,iXgk0eaURyMI,ssleanye,2020-10-16 09:40:27
Crin,Snelling,csnellingf@archive.org,tgGvmBb6,csnellingf,2016-10-01 10:29:43
Jaclyn,Sinson,jsinsong@skyrock.com,9noxA4h,jsinsong,2015-12-02 00:42:59
Kelly,Durbann,kdurbannh@ft.com,bsXNL9rQkr,kdurbannh,2016-11-26 22:56:01
Dita,Quixley,dquixleyi@huffingtonpost.com,H5mjZM,dquixleyi,2019-12-26 08:46:04
Fernando,Philip,fphilipj@yelp.com,1coN5mSR,fphilipj,2018-10-22 03:51:17
Vidovik,Jancso,vjancsok@sciencedaily.com,8OLU6inqAq,vjancsok,2018-11-30 20:29:44
Wynn,Hazley,whazleyl@homestead.com,5pn1Kyl,whazleyl,2018-07-14 05:25:10
Jordan,Gogan,jgoganm@ibm.com,wrwRrjZf3w,jgoganm,2016-07-21 10:03:56
Meggie,Philippard,mphilippardn@wunderground.com,nZwy1LNOJS,mphilippardn,2019-06-19 15:40:12
Maxwell,Drioli,mdriolio@nih.gov,MiY2s1YVsW2,mdriolio,2016-03-22 06:32:52
Corrie,Borgnet,cborgnetp@studiopress.com,kRREPjTmlD4,cborgnetp,2019-09-20 07:31:31
Ardith,Muslim,amuslimq@chron.com,GZSluC,amuslimq,2015-09-29 19:49:08
Bradney,Rouse,brouser@de.vu,e00BIsbdUK,brouser,2019-11-14 07:14:59
Hurlee,Osman,hosmans@wordpress.org,XlDHvETu,hosmans,2018-10-13 15:03:38
Charmane,Wernham,cwernhamt@unblog.fr,cjLOnerdl,cwernhamt,2020-12-20 19:37:58
Dinnie,Portsmouth,dportsmouthu@miibeian.gov.cn,TAYs0X8GmJxA,dportsmouthu,2021-08-10 14:35:40
Rosmunda,Kohneke,rkohnekev@wiley.com,hj4BjdhHk0mY,rkohnekev,2021-11-04 13:37:40
Con,Etteridge,cetteridgew@google.fr,91eLKTEFA,cetteridgew,2016-06-12 21:37:32
Lincoln,Massinger,lmassingerx@google.es,jNZWYxme,lmassingerx,2019-04-08 04:01:59
Gustav,Thal,gthaly@instagram.com,hk1oBQD,gthaly,2015-07-18 05:13:07
Mariele,Escritt,mescrittz@prnewswire.com,TWsxrr3empQ,mescrittz,2015-10-23 10:00:15
Leo,Gertz,lgertz10@163.com,i68Tg9,lgertz10,2015-06-07 23:40:45
Murray,Kubach,mkubach11@businessweek.com,spn07P4CYvtk,mkubach11,2021-12-23 13:43:12
Porter,Grayson,pgrayson12@paginegialle.it,CEMFZav,pgrayson12,2016-06-10 16:43:13
Fernande,Hansill,fhansill13@bizjournals.com,SEKuf50,fhansill13,2021-10-31 13:45:05
Hana,Bellon,hbellon14@latimes.com,UlQ7Feg,hbellon14,2019-10-27 17:58:06
Morse,Minger,mminger15@odnoklassniki.ru,VytSbpE,mminger15,2018-12-01 17:50:07
Bunnie,Rosina,brosina16@nasa.gov,GQkmyxl,brosina16,2021-01-03 07:07:58
Trudy,Bompas,tbompas17@tripod.com,TOEMAQ4qLy6N,tbompas17,2020-09-05 01:58:10
Kate,Picardo,kpicardo18@delicious.com,8iSdT8BC,kpicardo18,2015-08-15 13:03:39
Foster,Phelit,fphelit19@prnewswire.com,TmCqiUe5,fphelit19,2017-12-20 19:03:34
Vikki,Le Barr,vlebarr1a@buzzfeed.com,uvGXKV0uHYQ,vlebarr1a,2019-04-07 04:40:12
Torrin,Ablett,tablett1b@go.com,OL4Iflmpq,tablett1b,2020-05-27 16:26:01
Dayna,Scambler,dscambler1c@bloglines.com,ERZxddi,dscambler1c,2015-04-18 21:28:15
Freda,Adney,fadney1d@clickbank.net,nEz8cGD,fadney1d,2015-07-29 08:34:33
Giffard,Christofor,gchristofor1e@springer.com,sWefUCcPzk,gchristofor1e,2019-10-10 12:10:41
Lacey,Urien,lurien1f@technorati.com,1EkdTF,lurien1f,2018-12-13 16:13:19
Dorita,Snelson,dsnelson1g@craigslist.org,5CliZiB,dsnelson1g,2017-03-12 23:58:51
Jacynth,Vanyushkin,jvanyushkin1h@discovery.com,hUvURuuKXbZ0,jvanyushkin1h,2020-11-16 15:14:23
Ceil,Wren,cwren1i@deliciousdays.com,zLOm4Dlq1T,cwren1i,2019-04-28 19:43:12
Elga,Potell,epotell1j@sakura.ne.jp,SnDPALSSrVCR,epotell1j,2019-03-05 19:49:28
Aubrey,Layne,alayne1k@comcast.net,tBBH8SizV,alayne1k,2019-01-15 13:07:47
Jayme,Weathers,jweathers1l@amazon.co.uk,1pgaAVP,jweathers1l,2020-03-04 23:22:26
Gerrie,Rikard,grikard1m@etsy.com,MzwAIdR,grikard1m,2015-07-27 12:38:00
Andre,Lemmers,alemmers1n@sciencedaily.com,JcyK03yf,alemmers1n,2018-12-17 20:04:40
Emily,Casassa,ecasassa1o@tinyurl.com,GRAJVAU,ecasassa1o,2018-06-21 03:33:10
Binky,Tredgold,btredgold1p@lulu.com,inA1QhWp,btredgold1p,2019-12-24 20:48:27
Dianne,Sunner,dsunner1q@ibm.com,oGHGzEwjF,dsunner1q,2020-07-23 19:32:15
Elset,Ridley,eridley1r@printfriendly.com,NNRxINiHqefX,eridley1r,2019-10-11 04:14:12
Kelila,Derricoat,kderricoat1s@google.pl,R3LIwOW3xHr,kderricoat1s,2022-01-04 19:00:04
Nappy,Nerger,nnerger1t@msu.edu,Mj1opFiN9NqC,nnerger1t,2017-09-08 10:27:22
Kane,Insole,kinsole1u@hostgator.com,T6JsxxxD9yT,kinsole1u,2020-07-23 00:53:14
Elli,Haysey,ehaysey1v@hud.gov,bhf7Y6,ehaysey1v,2020-03-09 01:54:24
Kyrstin,Huckerbe,khuckerbe1w@reverbnation.com,D1ElaBfmMA,khuckerbe1w,2019-06-07 05:19:39
Ethelind,Dew,edew1x@cdc.gov,75vijuid,edew1x,2017-06-08 22:33:02
Felic,Reith,freith1y@google.cn,iDVrx370r,freith1y,2017-02-21 21:29:16
Ferne,Huonic,fhuonic1z@dedecms.com,BAlNDdM0U8K,fhuonic1z,2021-10-04 13:21:58
Pamella,Pigford,ppigford20@blogspot.com,YZ4smkCqTpnz,ppigford20,2017-04-23 08:15:31
Briggs,Rowter,browter21@histats.com,gPZMz95oFpo,browter21,2021-02-19 18:21:01
Peder,Damarell,pdamarell22@vimeo.com,lVyr937TAKWl,pdamarell22,2019-08-15 08:12:41
Nettie,Perchard,nperchard23@smh.com.au,x9UhvV3,nperchard23,2020-04-14 07:31:21
Mab,Dikles,mdikles24@acquirethisname.com,k1s2pyEu,mdikles24,2018-06-11 02:20:33
Randall,Kinzel,rkinzel25@google.nl,zngTItz5PT,rkinzel25,2020-03-15 17:48:14
Zed,Buckle,zbuckle26@chicagotribune.com,SkcMTw,zbuckle26,2021-08-30 19:47:17
Edik,Rowbrey,erowbrey27@washingtonpost.com,1oODk1u7C,erowbrey27,2020-12-06 04:07:49
Reade,Pirt,rpirt28@istockphoto.com,PdjbdqEC6J5,rpirt28,2020-10-14 21:38:17
Dieter,Holsall,dholsall29@is.gd,8Zgf5fY47mi,dholsall29,2016-10-14 10:38:43
Derril,Lashmore,dlashmore2a@bloglovin.com,5PSLhUOyFg6A,dlashmore2a,2018-04-15 22:28:47
Akim,Grimsey,agrimsey2b@paginegialle.it,qx8AkewHVzMu,agrimsey2b,2020-01-06 21:48:40
Magdalen,Topp,mtopp2c@technorati.com,FFgl5mO,mtopp2c,2016-07-29 12:32:04
Valentino,Lickess,vlickess2d@illinois.edu,v5zwxnyxzuMR,vlickess2d,2018-05-12 02:42:02
Cari,Tatershall,ctatershall2e@4shared.com,KsKTm4ofISa,ctatershall2e,2018-12-02 06:11:08
Genny,Longhorn,glonghorn2f@lulu.com,quwh3Jhj,glonghorn2f,2017-01-20 08:41:37
Hilly,Hinze,hhinze2g@yellowbook.com,b3L6wPa,hhinze2g,2018-06-09 07:33:01
Dianemarie,Wegener,dwegener2h@washingtonpost.com,Zi9dflG,dwegener2h,2021-07-29 08:53:02
Margaretha,Heinz,mheinz2i@discovery.com,djPAi82El,mheinz2i,2021-04-19 06:51:07
Sheffy,Dy,sdy2j@unesco.org,PNzrmlBlwl3,sdy2j,2015-07-23 09:20:51
Emilee,Ricardou,ericardou2k@freewebs.com,5A4Sux,ericardou2k,2020-11-30 15:39:44
Imogen,Martinetto,imartinetto2l@tamu.edu,IKk3Lqg1lrL,imartinetto2l,2018-04-10 13:18:47
Sutherland,Bolland,sbolland2m@github.io,uxW93Oq,sbolland2m,2017-02-15 02:06:29
Missy,Rainer,mrainer2n@tinyurl.com,b16wbFaPA7,mrainer2n,2018-06-16 11:42:03
Karilynn,O'Howbane,kohowbane2o@4shared.com,f3ZzJ9cYi,kohowbane2o,2021-11-06 07:00:36
Fern,Clist,fclist2p@discovery.com,gUofg5hUt,fclist2p,2016-08-14 13:12:17
Belvia,Arlidge,barlidge2q@jimdo.com,p9QcLSoyGhtu,barlidge2q,2018-09-14 19:45:24
Levi,Medd,lmedd2r@webnode.com,2t8j2vZChY,lmedd2r,2020-04-01 07:37:27
Cristy,Dacey,cdacey2s@thetimes.co.uk,PMZTl0e,cdacey2s,2019-01-27 18:21:23
Kayla,Chiverstone,kchiverstone2t@printfriendly.com,Y7BDHehw,kchiverstone2t,2017-10-02 14:08:01
Kimble,Barnewille,kbarnewille2u@slideshare.net,s3wIzyrJGx,kbarnewille2u,2017-03-18 16:07:40
Alameda,Camelli,acamelli2v@youtube.com,VuCrEoFgDS,acamelli2v,2021-01-12 19:14:03
Phil,Olford,polford2w@youtube.com,ISHgNyZFqJKk,polford2w,2021-08-29 07:01:18
Gates,Palin,gpalin2x@about.me,3t7v5bGW0Zxb,gpalin2x,2015-11-15 05:15:53
Cher,Legendre,clegendre2y@gravatar.com,ZIzEviIoLDOI,clegendre2y,2021-04-28 15:59:22
Dorelle,Dillingston,ddillingston2z@bluehost.com,stjaZC7Ddg,ddillingston2z,2020-03-06 19:43:10
Aida,Stansbie,astansbie30@cbsnews.com,sm0nn3O0YTh,astansbie30,2016-05-03 23:13:27
Ricca,Beales,rbeales31@a8.net,ngnWp7BIP,rbeales31,2020-08-27 06:30:24
Savina,Renoden,srenoden32@rakuten.co.jp,iNNWbAd,srenoden32,2015-07-07 04:01:14
Fanchette,Mille,fmille33@wordpress.com,IrzgVSheD9Ab,fmille33,2015-09-08 16:26:12
Baxy,Blankenship,bblankenship34@apache.org,sCN9hLyRO7,bblankenship34,2021-02-09 06:12:09
Sara,Fevier,sfevier35@census.gov,YxEK6M5,sfevier35,2020-01-16 03:36:06
Julianna,Kuhnt,jkuhnt36@mashable.com,3I7x4Lo,jkuhnt36,2020-06-24 20:16:21
Ginni,Ferrar,gferrar37@infoseek.co.jp,oNOJUQJwVDy,gferrar37,2022-03-23 01:38:03
Irina,Vennart,ivennart38@chicagotribune.com,PUKXQWSX,ivennart38,2021-03-28 23:50:09
Carlo,Crabb,ccrabb39@last.fm,UZ6rv4zae1,ccrabb39,2020-02-12 17:46:52
Zacharie,Meeny,zmeeny3a@booking.com,0IlFjO,zmeeny3a,2022-02-18 08:15:33
Milty,Jeanel,mjeanel3b@independent.co.uk,TiEa5z,mjeanel3b,2019-04-23 20:22:14
Sonny,Notton,snotton3c@lulu.com,k9iKNooOeLi,snotton3c,2021-07-03 06:57:26
Shirlene,Murrey,smurrey3d@senate.gov,oOcRnJhoS,smurrey3d,2020-06-08 17:12:53
Meggi,Aylen,maylen3e@wikispaces.com,E7A8bmFeVESY,maylen3e,2015-05-24 11:45:07
Peggi,Iacovone,piacovone3f@wikispaces.com,gYSB2XW,piacovone3f,2015-09-07 01:38:25
Phaedra,Carlill,pcarlill3g@wordpress.org,mRlixk,pcarlill3g,2019-07-07 19:39:58
Sarajane,Vasnetsov,svasnetsov3h@tripadvisor.com,xLY0c8Kx,svasnetsov3h,2018-03-12 01:54:42
Nicolis,Ivory,nivory3i@telegraph.co.uk,DmV1CEEKk,nivory3i,2021-01-01 09:08:58
Kristan,Punshon,kpunshon3j@statcounter.com,bR7wAbyn,kpunshon3j,2015-11-16 06:15:24
Sybille,Shury,sshury3k@techcrunch.com,DYoMfEB7B5gL,sshury3k,2021-10-03 09:26:28
Wileen,Gelland,wgelland3l@theguardian.com,No6QiGrErw,wgelland3l,2020-06-21 23:12:02
Trenna,Cleveland,tcleveland3m@blogs.com,uhIM9WnS,tcleveland3m,2020-02-25 02:37:41
Gretal,Worstall,gworstall3n@oaic.gov.au,qJkYfKU,gworstall3n,2020-12-29 06:09:25
Kata,Hasney,khasney3o@army.mil,ycRCoRAumUBB,khasney3o,2018-10-11 23:46:29
Elsinore,Ortell,eortell3p@home.pl,6BN0iZO,eortell3p,2018-02-06 11:26:16
Gwyneth,Droghan,gdroghan3q@woothemes.com,f3f2loWyBp,gdroghan3q,2017-02-20 09:51:59
Alden,Budget,abudget3r@cargocollective.com,EgmdlY8RAtpm,abudget3r,2018-05-25 02:25:31
Cynde,Dulton,cdulton3s@usgs.gov,kEQ3Eb,cdulton3s,2016-01-31 14:23:09
Marc,Mawne,mmawne3t@soup.io,eaaypsQOSLt,mmawne3t,2017-08-08 14:39:02
Zolly,Dron,zdron3u@blogspot.com,2Eth1H53d,zdron3u,2022-01-08 10:58:34
Crawford,Sawfoot,csawfoot3v@umn.edu,jYDvOY6b,csawfoot3v,2017-07-25 18:19:45
Svend,Coppens,scoppens3w@vkontakte.ru,QBSWxX,scoppens3w,2018-04-13 23:47:55
York,Roset,yroset3x@instagram.com,C9iCREo1,yroset3x,2020-10-23 02:31:57
Lynn,Teece,lteece3y@wiley.com,bcm0jZOFy,lteece3y,2018-03-31 00:46:45
Joanie,Cancellario,jcancellario3z@businessinsider.com,mWbb9zSD5b,jcancellario3z,2016-01-24 21:00:22
Lucky,Galfour,lgalfour40@usatoday.com,gC9UI5,lgalfour40,2019-12-22 19:54:58
Adore,Riccelli,ariccelli41@canalblog.com,YB7AsJM,ariccelli41,2019-02-25 00:20:52
Hedi,Stroder,hstroder42@barnesandnoble.com,vuzACpDEY,hstroder42,2018-08-24 08:04:08
Thebault,Scurman,tscurman43@kickstarter.com,JNIo88ATDHO,tscurman43,2019-03-13 05:24:28
Lynnelle,Stollwerk,lstollwerk44@nsw.gov.au,jdEXQxSNbG,lstollwerk44,2015-09-20 13:51:44
Harris,Garling,hgarling45@dropbox.com,QaknO3UQzpJu,hgarling45,2022-01-17 06:12:25
Godard,Back,gback46@goo.gl,2pH1Wnlh,gback46,2017-11-16 16:09:47
Consuelo,Branthwaite,cbranthwaite47@kickstarter.com,YruZhP3J,cbranthwaite47,2016-05-08 16:02:30
Willyt,Heyward,wheyward48@slate.com,p8OSwlmnnu,wheyward48,2019-05-05 16:57:39
Juana,Eastwell,jeastwell49@mit.edu,9X6oF0l1,jeastwell49,2017-08-07 17:19:36
Brander,Muldoon,bmuldoon4a@narod.ru,gansE4ZgX2U,bmuldoon4a,2019-04-08 03:52:35
Alfreda,Attew,aattew4b@blogspot.com,ULFoQ5pyjhs,aattew4b,2016-11-23 03:09:48
Valera,Boar,vboar4c@google.co.jp,FbJyyQSdCg,vboar4c,2018-10-02 15:43:57
Giacopo,Clerk,gclerk4d@accuweather.com,s8xDvR3vWf,gclerk4d,2017-05-03 19:33:26
Sergio,Doole,sdoole4e@sciencedaily.com,s2s97Hg,sdoole4e,2019-02-13 20:44:37
Randolf,Rohfsen,rrohfsen4f@studiopress.com,Bd4JBqMPAL,rrohfsen4f,2021-12-05 05:52:04
Natalie,Thebeau,nthebeau4g@tuttocitta.it,nq29dXPk,nthebeau4g,2017-08-11 08:24:58
Liana,Tomaszewicz,ltomaszewicz4h@google.fr,LwWIiXeL,ltomaszewicz4h,2016-05-13 07:44:51
Laurence,Bradforth,lbradforth4i@diigo.com,tBWJnUW,lbradforth4i,2018-06-14 18:00:09
Amaleta,Dollen,adollen4j@mapquest.com,HRPU2DIZ,adollen4j,2021-04-16 19:38:20
Eadmund,Attersoll,eattersoll4k@biblegateway.com,bj06xp,eattersoll4k,2018-01-25 17:41:59
Ame,Le Prevost,aleprevost4l@mit.edu,XOyvKbb,aleprevost4l,2016-03-19 11:53:28
Jamie,Stock,jstock4m@g.co,AF5FG8,jstock4m,2016-01-31 11:37:00
Marlow,Arnaudon,marnaudon4n@photobucket.com,4Vn4nJfQEYVF,marnaudon4n,2020-11-05 01:05:59
Ellie,Biernat,ebiernat4o@pcworld.com,XnmtjGlTM,ebiernat4o,2015-12-27 09:25:03
Clare,Fairtlough,cfairtlough4p@ow.ly,fXVPpmyj58L,cfairtlough4p,2019-07-30 03:08:51
Emogene,Dunphie,edunphie4q@disqus.com,OFiOpy,edunphie4q,2021-09-29 10:21:06
Willard,Naisbet,wnaisbet4r@comsenz.com,61sIEDlEX,wnaisbet4r,2020-06-19 13:25:24
Leoine,Phlippi,lphlippi4s@apple.com,nYIocc,lphlippi4s,2022-02-25 15:40:07
Taddeusz,Bysouth,tbysouth4t@ed.gov,c0q32Gc3ab7E,tbysouth4t,2019-08-22 09:53:37
Franciskus,Faulder,ffaulder4u@com.com,1mYoGJBAT,ffaulder4u,2018-03-18 15:25:29
Rosabella,Woffinden,rwoffinden4v@cisco.com,YXnBi2,rwoffinden4v,2021-07-17 01:21:31
Piotr,Leechman,pleechman4w@tmall.com,vconWbqNiH,pleechman4w,2021-01-19 02:33:53
Baryram,Bus,bbus4x@desdev.cn,8zkv8YZtEO,bbus4x,2021-06-04 02:10:32
Kalindi,Yoakley,kyoakley4y@sciencedaily.com,ZW3myfkLe,kyoakley4y,2017-02-12 02:04:42
Egon,Sidebottom,esidebottom4z@soundcloud.com,S3r29Gx7,esidebottom4z,2021-03-04 01:44:18
Silvain,Sjostrom,ssjostrom50@theguardian.com,NPeMwRP4xJ,ssjostrom50,2015-03-05 10:44:22
Sharline,O'Glassane,soglassane51@mit.edu,jJPpCJXA,soglassane51,2018-06-20 07:09:41
Viva,Alesbrook,valesbrook52@geocities.com,hPiLB8JB,valesbrook52,2020-10-25 03:49:12
Nelie,Hurleston,nhurleston53@weather.com,vaWJJ5RU,nhurleston53,2019-05-07 09:02:56
Kitti,Chaytor,kchaytor54@reverbnation.com,TWmhm3jOka,kchaytor54,2022-03-04 02:12:56
Laurens,Bagshaw,lbagshaw55@hubpages.com,gOzu2wWp4Ex,lbagshaw55,2022-01-09 13:38:48
Clarey,Langland,clangland56@edublogs.org,yb8iHleEX,clangland56,2019-10-20 16:05:55
Wendel,Hornig,whornig57@oaic.gov.au,kDK6oKG,whornig57,2017-12-10 20:01:33
Delinda,Dike,ddike58@nature.com,w7sk9Px,ddike58,2016-07-14 18:54:47
Maurits,Clendening,mclendening59@wikipedia.org,E32VpNJLTl,mclendening59,2020-11-25 05:06:52
Blancha,Haet,bhaet5a@delicious.com,MkiOef9s,bhaet5a,2016-02-07 12:14:42
Ebeneser,Beaman,ebeaman5b@washingtonpost.com,cd5X3xnonl4,ebeaman5b,2016-11-29 14:59:02
Rae,Hasney,rhasney5c@sfgate.com,jEGHaNxYhwL,rhasney5c,2017-07-30 15:00:56
Josephina,Lampel,jlampel5d@java.com,4pkRyHbUGbO,jlampel5d,2019-09-26 21:55:35
Reba,Cramer,rcramer5e@globo.com,FSBjXX,rcramer5e,2017-01-24 17:24:38
Brose,Presslie,bpresslie5f@bloglovin.com,c6TfT0mzS0bE,bpresslie5f,2015-11-27 17:59:13
Willi,Hulle,whulle5g@amazon.co.jp,TbuWtMq,whulle5g,2019-12-02 13:26:56
Annecorinne,McCullagh,amccullagh5h@mit.edu,KnbRzB1d4q,amccullagh5h,2017-06-21 03:51:17
Lindy,Joel,ljoel5i@sciencedaily.com,WTplWf5k8s,ljoel5i,2018-06-18 21:32:20
Marjie,Bohlje,mbohlje5j@twitpic.com,lj3M0wnv,mbohlje5j,2017-10-23 20:10:37
Sully,Cardall,scardall5k@google.cn,vct8OulXkX,scardall5k,2021-12-28 20:10:55
Ulla,Padillo,upadillo5l@facebook.com,uIbHigZn5,upadillo5l,2018-05-03 14:09:42
Kitty,Jakoub,kjakoub5m@arstechnica.com,NTgdjibfHrL,kjakoub5m,2020-04-28 08:30:17
Roscoe,Pozzi,rpozzi5n@mashable.com,Fb5KSkzOBrKu,rpozzi5n,2017-05-14 11:34:04
Almira,Hattam,ahattam5o@hud.gov,Ixk4sFrw1,ahattam5o,2020-01-14 10:39:47
Raeann,Goodie,rgoodie5p@ovh.net,hTKM7TxvxIk5,rgoodie5p,2019-03-07 04:01:34
Chadwick,Kubasek,ckubasek5q@google.co.jp,eTMS6tMy1,ckubasek5q,2019-12-06 03:23:32
Denyse,Avison,davison5r@kickstarter.com,Hon742u,davison5r,2016-10-25 15:09:38
Reynolds,Serraillier,rserraillier5s@java.com,jNlyA5q3ai,rserraillier5s,2017-11-12 08:33:20
Else,Walsh,ewalsh5t@nytimes.com,11bOVb57Wni,ewalsh5t,2018-01-10 04:26:32
Elke,Haysham,ehaysham5u@skyrock.com,4H6Qyqz6X,ehaysham5u,2022-01-03 10:16:21
Charline,Trenear,ctrenear5v@yahoo.com,xLWVxDv,ctrenear5v,2017-09-14 00:13:21
Alyda,Josebury,ajosebury5w@businessweek.com,tibMjBAQYx,ajosebury5w,2017-05-29 04:29:59
Mallorie,Bonellie,mbonellie5x@bigcartel.com,7LngWDVeMEpD,mbonellie5x,2020-10-05 12:28:55
Lawton,Zum Felde,lzumfelde5y@dion.ne.jp,aReakR7oV,lzumfelde5y,2019-06-01 02:15:52
Cherianne,Bexon,cbexon5z@tinyurl.com,04mh0bXibI,cbexon5z,2022-03-09 04:11:51
Emera,Iacopini,eiacopini60@latimes.com,wxKRvhAaKM,eiacopini60,2017-06-19 08:49:27
Whittaker,Aspinwall,waspinwall61@flavors.me,BJgTeKss,waspinwall61,2019-10-08 20:58:50
Graehme,Woodington,gwoodington62@ustream.tv,eCOBo3E1,gwoodington62,2015-10-27 10:57:39
Kellie,Donat,kdonat63@over-blog.com,32Kk1hoH,kdonat63,2021-11-20 23:26:17
Giacopo,Ullock,gullock64@huffingtonpost.com,DBGfx3LWg,gullock64,2018-06-07 15:55:09
Candace,Twaits,ctwaits65@qq.com,3JlIDaYZR9ah,ctwaits65,2021-07-03 03:49:50
Berenice,Kemmett,bkemmett66@msu.edu,R1XTVZD,bkemmett66,2021-05-06 00:25:56
Farr,Ishaki,fishaki67@columbia.edu,2cGbuwxRs,fishaki67,2015-03-13 04:28:45
Cathyleen,Witchell,cwitchell68@pen.io,4nxRb2475yyQ,cwitchell68,2015-08-27 07:29:08
Guenevere,Abrahart,gabrahart69@list-manage.com,0iSMuhSS,gabrahart69,2022-01-10 05:49:11
Ashia,Corzor,acorzor6a@multiply.com,V8XMI9Lnh,acorzor6a,2015-08-02 15:01:36
Barnie,Fairburn,bfairburn6b@macromedia.com,YIdHc6Cd8t2,bfairburn6b,2018-05-03 17:44:33
Liz,Elphinston,lelphinston6c@vimeo.com,90cNplL,lelphinston6c,2019-06-13 02:30:55
Marje,Winborn,mwinborn6d@engadget.com,P9Cd8cgzN8t,mwinborn6d,2018-02-28 06:17:25
Maurene,Wintringham,mwintringham6e@princeton.edu,fmdQ8M058Jue,mwintringham6e,2019-01-14 10:25:29
Kerrie,Senn,ksenn6f@geocities.com,Nxksy8F8zcR,ksenn6f,2020-09-12 23:09:09
Netty,Haster,nhaster6g@opensource.org,ug1UlzGGiO,nhaster6g,2018-10-12 06:40:16
Vito,Petrelluzzi,vpetrelluzzi6h@economist.com,eseLKIbqqt0,vpetrelluzzi6h,2017-03-21 06:05:25
Wayne,Martinez,wmartinez6i@diigo.com,uaMoeUO4v,wmartinez6i,2021-11-11 13:09:56
Ham,Tinsley,htinsley6j@nhs.uk,LqURwBHh9d,htinsley6j,2022-02-14 02:57:23
Giana,Doumerc,gdoumerc6k@wired.com,yUOe3V3PN4X,gdoumerc6k,2020-12-08 15:48:24
Kenneth,Julian,kjulian6l@joomla.org,5OsUaXExK,kjulian6l,2020-11-25 19:03:37
Flynn,Eringey,feringey6m@cbsnews.com,nwVRDxOjuBtr,feringey6m,2016-06-20 23:48:32
Janeta,Lambe,jlambe6n@cmu.edu,aiqsPikF,jlambe6n,2019-05-04 11:23:17
Bronny,McConway,bmcconway6o@bandcamp.com,FtF3ReQ,bmcconway6o,2019-11-02 22:23:21
Lurette,Dearnly,ldearnly6p@amazon.co.uk,jz3qgh7Byn,ldearnly6p,2016-11-19 22:03:42
Xaviera,Burberry,xburberry6q@theatlantic.com,x0nc10qOq,xburberry6q,2018-10-07 20:51:56
Krystalle,Scudders,kscudders6r@merriam-webster.com,Zt1qaf8hbq1,kscudders6r,2020-01-03 08:29:29
Malory,Freer,mfreer6s@ezinearticles.com,20URgnzOyP,mfreer6s,2015-06-13 03:18:41
Humfrey,Garron,hgarron6t@alibaba.com,FTALBF34n4,hgarron6t,2017-10-09 22:57:49
Lily,Sorrill,lsorrill6u@wsj.com,ltPtrRK,lsorrill6u,2019-04-30 16:47:09
Eda,Brownsworth,ebrownsworth6v@lycos.com,xxe64v3G1bBm,ebrownsworth6v,2020-03-16 11:03:33
Waylin,Tabb,wtabb6w@amazonaws.com,TF7iEqkfm1n,wtabb6w,2020-04-28 11:27:22
Kean,McCaffrey,kmccaffrey6x@soundcloud.com,hKMt8LLPdp,kmccaffrey6x,2021-08-24 23:02:25
Norris,Wiper,nwiper6y@exblog.jp,Egri70LQH,nwiper6y,2016-09-15 15:01:24
Lukas,Rioch,lrioch6z@noaa.gov,BeXpcrWXED,lrioch6z,2019-11-15 10:35:39
Derk,Yegorkov,dyegorkov70@marketwatch.com,BlxTnaNr2u,dyegorkov70,2017-12-15 01:50:28
Bobine,Teodoro,bteodoro71@un.org,jvuqiRyvTd,bteodoro71,2015-11-16 01:36:43
Antonius,Jandak,ajandak72@msn.com,4utU6QXH,ajandak72,2022-02-18 01:21:42
Seymour,Searsby,ssearsby73@dropbox.com,jbUH0AhTmvx,ssearsby73,2015-10-23 06:07:38
Alicea,Quoit,aquoit74@ezinearticles.com,6IPZYUy9w6,aquoit74,2017-08-13 10:41:55
Darius,Oleszkiewicz,doleszkiewicz75@homestead.com,biDKEU12yZ5,doleszkiewicz75,2022-02-16 04:16:55
Margret,Mumford,mmumford76@moonfruit.com,nK5AWfkb,mmumford76,2019-06-23 08:19:47
Sky,Pottes,spottes77@yahoo.com,NLEAF9,spottes77,2021-05-14 13:16:47
Laney,Geertsen,lgeertsen78@omniture.com,JGzZ6i,lgeertsen78,2018-11-27 01:03:38
Randall,Follows,rfollows79@opera.com,l88uEhx,rfollows79,2017-10-25 19:59:22
Pippy,Mattielli,pmattielli7a@columbia.edu,VLvW9DNLr,pmattielli7a,2021-10-12 20:30:58
Michal,Trosdall,mtrosdall7b@businessweek.com,Pk1aGDLcdl,mtrosdall7b,2017-10-25 08:55:27
Reade,Gullan,rgullan7c@walmart.com,BsjRtnBpAa,rgullan7c,2017-01-05 11:31:23
Tybalt,Emor,temor7d@weebly.com,7RcaEHk,temor7d,2016-01-06 11:15:05
Waring,Seares,wseares7e@mac.com,0AQE2riMIgQ,wseares7e,2016-01-01 21:09:10
Godiva,McKue,gmckue7f@webeden.co.uk,oNEzcSO,gmckue7f,2021-03-26 05:31:27
Hetty,Cluely,hcluely7g@techcrunch.com,nLJOWKxmzA,hcluely7g,2020-05-07 07:52:44
Charil,Dugald,cdugald7h@weebly.com,4mYuRHb3lU,cdugald7h,2015-05-23 04:49:45
Melina,Ducham,mducham7i@alexa.com,v6FDcJ,mducham7i,2017-06-17 13:00:15
Brande,Ivanov,bivanov7j@geocities.jp,LJ59ofuhrm,bivanov7j,2016-04-13 01:31:12
Ivett,Fishpoole,ifishpoole7k@cocolog-nifty.com,KbmJXaNIAtr,ifishpoole7k,2020-05-25 19:17:52
Arley,Andrei,aandrei7l@taobao.com,BtYwys6H5nek,aandrei7l,2018-01-14 05:59:44
Andi,Toolin,atoolin7m@usatoday.com,swAQZYHE,atoolin7m,2020-07-25 20:02:18
Patsy,Altamirano,paltamirano7n@ifeng.com,agUkfAY9Hdwz,paltamirano7n,2015-12-10 07:51:46
Morie,Dell Casa,mdellcasa7o@psu.edu,sQCdWWF,mdellcasa7o,2019-07-28 05:33:55
Allin,Calver,acalver7p@sina.com.cn,xnVE0r,acalver7p,2015-09-01 23:23:51
Abigael,Frewer,afrewer7q@skype.com,LCoq57V,afrewer7q,2021-11-19 13:27:00
Audre,Woodier,awoodier7r@mayoclinic.com,IsALjkqX7B,awoodier7r,2021-07-02 07:14:47
Tarra,Ramsdale,tramsdale7s@topsy.com,WUm3c2zEQBIW,tramsdale7s,2021-06-16 22:45:14
Ker,Cruse,kcruse7t@netvibes.com,bIYAfsrE2AM,kcruse7t,2018-10-24 04:09:34
Emmaline,Dyerson,edyerson7u@linkedin.com,GqE4S9B2RMzb,edyerson7u,2016-03-29 05:36:15
Kasper,Pedwell,kpedwell7v@mysql.com,G4p6EvZ,kpedwell7v,2016-01-19 13:16:20
Nollie,Menure,nmenure7w@tumblr.com,Da9TyaNNw,nmenure7w,2021-07-17 16:59:33
Quinn,Wrench,qwrench7x@gizmodo.com,V5ohGRFqOG,qwrench7x,2017-09-11 08:07:30
Elvin,Gussie,egussie7y@furl.net,JAVHWGaok,egussie7y,2018-10-14 18:46:03
Shayla,Rousell,srousell7z@arstechnica.com,nNzCOlN,srousell7z,2015-11-15 00:31:46
Lorita,Musto,lmusto80@surveymonkey.com,Bp2tHNvU7,lmusto80,2020-06-24 06:11:10
Paulo,Risbie,prisbie81@a8.net,AIQIAj3JWJS,prisbie81,2017-09-21 03:32:58
Jessamyn,Grummitt,jgrummitt82@businessweek.com,n4LguCQU,jgrummitt82,2015-07-12 10:06:46
Barn,Welfare,bwelfare83@tiny.cc,7Aaufau,bwelfare83,2016-12-23 17:05:00
Ingar,Perche,iperche84@behance.net,deJOTlI,iperche84,2016-07-31 17:31:58
Winfield,Vasyanin,wvasyanin85@shop-pro.jp,orumKU,wvasyanin85,2018-06-06 06:36:20
Neala,Keave,nkeave86@nsw.gov.au,4PK1O8X,nkeave86,2015-12-31 10:02:01
Brant,Colcutt,bcolcutt87@pagesperso-orange.fr,Qg0XPcRffXe,bcolcutt87,2016-07-21 10:36:29
Randy,Spileman,rspileman88@va.gov,hNQHtLqj0xl,rspileman88,2020-02-26 03:58:16
Sandy,Pragnell,spragnell89@eepurl.com,WklVoTZeZ,spragnell89,2015-03-20 03:19:06
Una,Bertrand,ubertrand8a@hostgator.com,p2ob0Hhm,ubertrand8a,2018-01-29 06:06:48
Boonie,Sanja,bsanja8b@ask.com,atUjSFs,bsanja8b,2015-06-20 04:34:43
Florentia,Stolze,fstolze8c@chronoengine.com,C3RHbLf,fstolze8c,2022-01-22 14:36:22
Lee,Wardle,lwardle8d@ycombinator.com,mGykMgu4oKz,lwardle8d,2021-09-05 01:36:07
Thorndike,Galloway,tgalloway8e@soup.io,iimrHJ1VI4,tgalloway8e,2016-02-08 07:15:58
Rickie,Bathersby,rbathersby8f@livejournal.com,1RZpe8k,rbathersby8f,2015-07-26 23:12:12
Barbra,Yusupov,byusupov8g@stumbleupon.com,Jkhzklhh20B,byusupov8g,2015-10-30 09:12:47
Gloria,Weddeburn - Scrimgeour,gweddeburnscrimgeour8h@plala.or.jp,Oe3HA4UocK3,gweddeburnscrimgeour8h,2019-01-02 18:34:25
Ad,Menguy,amenguy8i@indiatimes.com,6Prcvb5Pzt,amenguy8i,2017-03-15 10:39:20
Jourdain,Antonoczyk,jantonoczyk8j@printfriendly.com,gpuHCet0h,jantonoczyk8j,2019-05-05 02:35:09
Inger,Finden,ifinden8k@acquirethisname.com,LfWPRcZwk2pY,ifinden8k,2016-06-24 23:35:12
Antonin,Simonel,asimonel8l@aol.com,bEluUCWcO3W,asimonel8l,2017-07-07 01:41:46
Hurlee,Spragge,hspragge8m@hp.com,Vm9VneL4GU,hspragge8m,2018-06-09 16:43:06
Jemima,Browning,jbrowning8n@opera.com,PrkbPVhRyr,jbrowning8n,2018-01-28 00:46:43
Natividad,Bonniface,nbonniface8o@sciencedaily.com,BD2Imsd68cR,nbonniface8o,2019-06-06 19:47:02
Taryn,Tillerton,ttillerton8p@prnewswire.com,LcmZCU4,ttillerton8p,2016-10-26 07:38:07
Gilligan,Durant,gdurant8q@comsenz.com,LzA0wwrB,gdurant8q,2022-02-19 10:42:05
Giorgi,Petrolli,gpetrolli8r@youtube.com,kgIWW9WICc,gpetrolli8r,2015-08-29 02:14:32
Stan,McGeagh,smcgeagh8s@earthlink.net,N5Kbf8b34L,smcgeagh8s,2021-08-17 06:30:55
Adoree,Sawter,asawter8t@de.vu,aR55rh96b,asawter8t,2020-02-18 07:48:34
Bibbye,Glastonbury,bglastonbury8u@walmart.com,vSjR2G,bglastonbury8u,2021-11-21 11:33:46
Zebadiah,Cone,zcone8v@hatena.ne.jp,69DsptEGIX5e,zcone8v,2021-05-09 02:45:51
Adele,Manley,amanley8w@msn.com,inGrJCn,amanley8w,2016-01-11 23:28:17
Margit,Dignon,mdignon8x@pinterest.com,apUK8jF4,mdignon8x,2017-06-07 04:29:06
Waylen,McCord,wmccord8y@apache.org,NtRVtC2T,wmccord8y,2019-10-30 16:16:14
Channa,Brimmacombe,cbrimmacombe8z@scribd.com,81bMpR9KJ,cbrimmacombe8z,2017-03-06 19:42:24
Nevsa,Daughtry,ndaughtry90@photobucket.com,XaOjyz4eC6SK,ndaughtry90,2018-06-06 19:04:14
Nixie,Dennitts,ndennitts91@acquirethisname.com,8YhSVzNij,ndennitts91,2020-06-13 09:05:35
Kathie,Nutbean,knutbean92@businesswire.com,3tRYfko,knutbean92,2019-04-27 09:21:10
Wade,Ficken,wficken93@techcrunch.com,YIPnbSsmB0n5,wficken93,2015-07-27 09:27:35
Ruthy,Somerscales,rsomerscales94@amazon.co.uk,xlr77qVtiwBF,rsomerscales94,2019-10-01 13:44:03
Ashley,Burdikin,aburdikin95@loc.gov,XWh02twSf,aburdikin95,2018-07-20 18:54:37
Garland,Pilbeam,gpilbeam96@mashable.com,z26i3uSh,gpilbeam96,2016-08-23 10:24:33
Diane,Ludlem,dludlem97@google.com.br,njEiprpFTn,dludlem97,2016-06-03 16:31:27
Giavani,MacAllister,gmacallister98@hubpages.com,1GWHvlEM93,gmacallister98,2020-07-01 00:49:12
Lexie,Barnwille,lbarnwille99@wikimedia.org,cSkMJN,lbarnwille99,2021-07-01 10:53:02
Giavani,Maple,gmaple9a@4shared.com,eEfCxHz,gmaple9a,2019-05-23 22:31:40
Zedekiah,Manktelow,zmanktelow9b@dedecms.com,1I9IQ0Ha,zmanktelow9b,2019-07-20 00:15:15
Mikey,Udell,mudell9c@gmpg.org,SUt6NidR,mudell9c,2020-02-29 10:45:56
Wiley,Seyler,wseyler9d@is.gd,glqxI5wR,wseyler9d,2019-02-24 18:37:15
Saundra,Mateescu,smateescu9e@cornell.edu,W1St5Ht,smateescu9e,2017-01-19 03:04:28
Elwin,Hudghton,ehudghton9f@virginia.edu,HWDzKC9,ehudghton9f,2017-07-03 15:02:53
Gar,Bish,gbish9g@issuu.com,USbDjhKupY,gbish9g,2019-02-02 22:48:40
Candy,Vannoort,cvannoort9h@issuu.com,0sMw73Icp,cvannoort9h,2018-05-27 12:22:53
Heinrick,Hastler,hhastler9i@hud.gov,sqTnORtwx,hhastler9i,2016-02-27 01:00:39
Corty,Baskerfield,cbaskerfield9j@howstuffworks.com,HcYvKwsUVHb,cbaskerfield9j,2020-09-30 00:55:53
Thadeus,Fried,tfried9k@nih.gov,UYgWZBXhB0k6,tfried9k,2018-07-13 21:14:05
Carey,Vaneschi,cvaneschi9l@elegantthemes.com,fxVFfR2Zraph,cvaneschi9l,2019-12-29 03:42:22
Randie,Twyford,rtwyford9m@psu.edu,xCryZlWa,rtwyford9m,2021-04-23 09:56:43
Sidnee,Corry,scorry9n@wired.com,KV7Uaw7ik,scorry9n,2019-05-07 10:59:23
Ranice,Pickston,rpickston9o@businessweek.com,6u3aWVJ2y9Y,rpickston9o,2021-11-10 13:45:28
Rooney,Chadburn,rchadburn9p@ibm.com,LzvHC516mv,rchadburn9p,2016-09-09 00:32:18
Corbet,Hostan,chostan9q@jigsy.com,q12vLUZX,chostan9q,2016-02-26 13:06:09
Frederik,Readwing,freadwing9r@nydailynews.com,M4KtHjjZ,freadwing9r,2021-06-12 17:35:51
Alix,Antham,aantham9s@hugedomains.com,lH5Q0uAOMy,aantham9s,2018-01-30 20:23:40
Derron,Dodman,ddodman9t@pinterest.com,enQMNH,ddodman9t,2015-06-13 22:43:43
Daffi,Lammerts,dlammerts9u@blogspot.com,tdj8963iLJR4,dlammerts9u,2019-06-23 10:52:03
Sigmund,Dowrey,sdowrey9v@si.edu,bRYC9XVIKOH7,sdowrey9v,2016-12-22 19:46:50
Ramsay,Arthurs,rarthurs9w@taobao.com,kbSZ9MW,rarthurs9w,2018-11-03 20:10:38
Leland,Lukas,llukas9x@instagram.com,uc6eXIoB,llukas9x,2018-04-07 15:58:20
Kathrine,Gormley,kgormley9y@geocities.jp,jbxJXRRb,kgormley9y,2021-02-28 13:32:50
Anita,Josland,ajosland9z@amazon.de,XuEbvUsq,ajosland9z,2020-07-06 10:45:58
Joye,Whittek,jwhitteka0@thetimes.co.uk,eMNuwj57JLY8,jwhitteka0,2019-10-15 14:53:08
Gilbert,Busher,gbushera1@comcast.net,cvb6rAE,gbushera1,2020-09-17 16:52:36
Vanda,Helm,vhelma2@gmpg.org,O3GoVN4Rv,vhelma2,2018-07-05 23:22:13
Isiahi,Symmers,isymmersa3@csmonitor.com,LT52R2GTZPS,isymmersa3,2016-10-22 07:23:43
Ardith,Piotr,apiotra4@nifty.com,aYt0JauK,apiotra4,2015-05-27 01:26:24
Hillary,Pollen,hpollena5@facebook.com,LBVy4e81KO,hpollena5,2019-03-22 14:35:36
Meade,Balsdon,mbalsdona6@typepad.com,pESWLIxpYRi,mbalsdona6,2016-05-07 23:17:42
Darbee,Jeafferson,djeaffersona7@examiner.com,BZg1ShLEFbD,djeaffersona7,2021-11-19 17:05:55
Kacy,Prozescky,kprozesckya8@fc2.com,gfSVhPr,kprozesckya8,2021-04-29 12:32:03
Tarrah,Gullifant,tgullifanta9@cam.ac.uk,UwZeAs,tgullifanta9,2019-12-26 01:40:42
Alikee,Ellerey,aellereyaa@gizmodo.com,hiCaUYGqNczT,aellereyaa,2021-05-18 22:04:49
Easter,Roswarne,eroswarneab@eepurl.com,N7fE5Ou9P,eroswarneab,2016-04-26 03:31:58
Noreen,Fitzgerald,nfitzgeraldac@omniture.com,vXvCFixh,nfitzgeraldac,2021-01-08 19:02:52
Winny,Bastow,wbastowad@unicef.org,01HXJV,wbastowad,2021-07-28 08:47:47
Julie,Hostan,jhostanae@businessinsider.com,jqWPn0,jhostanae,2016-11-13 20:03:08
Babette,McGeoch,bmcgeochaf@disqus.com,1mf6z0Kv3D9,bmcgeochaf,2021-07-14 17:22:39
Randy,Siemon,rsiemonag@newyorker.com,ao2Irijnpn,rsiemonag,2016-02-10 03:31:33
Karrie,Woodworth,kwoodworthah@mlb.com,NsKH4fqz1IbK,kwoodworthah,2019-06-17 22:48:51
Kay,Pawson,kpawsonai@vinaora.com,RkZRFp8Pkyoh,kpawsonai,2015-09-07 08:18:27
Bibby,Senogles,bsenoglesaj@nasa.gov,igVoIafH,bsenoglesaj,2021-10-25 09:25:10
Nissa,Dury,nduryak@thetimes.co.uk,t0itv9tlBl,nduryak,2019-09-01 07:28:06
Cindee,Puve,cpuveal@jiathis.com,wOSQ2VXmSwnd,cpuveal,2019-02-12 20:26:08
Timothy,Penman,tpenmanam@stumbleupon.com,rsq0Yo9F,tpenmanam,2018-12-24 20:46:46
Kelley,Tolworthy,ktolworthyan@army.mil,eHsPnov0bfg,ktolworthyan,2017-04-27 04:44:16
Nert,Bunt,nbuntao@devhub.com,oxYX77pL,nbuntao,2015-05-12 11:17:49
Vilhelmina,Ponter,vponterap@wordpress.org,kZSEKmYyDun,vponterap,2015-03-01 08:48:13
Corabella,Milstead,cmilsteadaq@g.co,PwPEOa,cmilsteadaq,2015-10-06 02:57:28
Joleen,Hudson,jhudsonar@naver.com,oBVbf9Dg3o,jhudsonar,2015-04-30 16:22:50
Petronia,Conningham,pconninghamas@phoca.cz,anWdrQgcx,pconninghamas,2021-07-02 02:35:01
Zulema,Keerl,zkeerlat@ifeng.com,Dl4VzJjz3Nzd,zkeerlat,2016-11-18 04:13:15
Pattie,Setter,psetterau@youtube.com,OYT674vab,psetterau,2018-10-19 00:45:11
Matthieu,Firle,mfirleav@instagram.com,a64ahT8,mfirleav,2016-08-01 03:41:49
Julian,Gantlett,jgantlettaw@angelfire.com,N0X29TxZiM,jgantlettaw,2019-04-12 19:38:03
Vaclav,Eshmade,veshmadeax@cdbaby.com,6Dkix74A086K,veshmadeax,2015-08-03 06:38:39
Odo,Ferney,oferneyay@dot.gov,yBUcH38,oferneyay,2017-09-05 10:31:30
Meg,Emanuelov,memanuelovaz@flickr.com,g6v9B4,memanuelovaz,2015-11-22 10:56:49
Jarvis,Dibden,jdibdenb0@cam.ac.uk,DADZ4Oam,jdibdenb0,2016-05-20 01:41:35
Cyrille,Swaddle,cswaddleb1@example.com,WXg72h,cswaddleb1,2021-03-10 18:05:48
Charla,Ayris,cayrisb2@chicagotribune.com,zVhFCkx,cayrisb2,2020-05-31 20:16:51
Valencia,Calcott,vcalcottb3@oracle.com,wUTt37iU4,vcalcottb3,2021-01-19 15:10:20
Kaila,Hambling,khamblingb4@phpbb.com,EfxXxtZwm,khamblingb4,2019-05-17 21:35:50
Christian,Muzzi,cmuzzib5@illinois.edu,v88bQ4K613n,cmuzzib5,2019-03-25 04:29:09
Rowen,Colnet,rcolnetb6@dyndns.org,Abl3oJitTQph,rcolnetb6,2018-01-07 23:07:34
Klemens,Huxton,khuxtonb7@nydailynews.com,XvWU1obAem,khuxtonb7,2019-05-04 15:25:44
Hamilton,Southward,hsouthwardb8@usatoday.com,QFDPRLrw0iD2,hsouthwardb8,2019-10-15 10:14:19
Hill,Bremley,hbremleyb9@yahoo.com,sFZQyQ72JzJ,hbremleyb9,2015-12-17 05:25:41
Keith,Minichi,kminichiba@myspace.com,th5LiPo8ZYwk,kminichiba,2016-09-12 20:31:19
Rora,MacBey,rmacbeybb@bigcartel.com,Wehnkz,rmacbeybb,2015-12-11 00:05:53
Hart,Munby,hmunbybc@instagram.com,cdvSfI,hmunbybc,2017-03-08 04:55:00
Mariam,Codner,mcodnerbd@clickbank.net,8L2KHVVm,mcodnerbd,2020-09-18 05:27:40
Colby,Shinefield,cshinefieldbe@yandex.ru,7LXr0t8Z30fM,cshinefieldbe,2021-06-28 14:12:59
Nonie,Belly,nbellybf@apache.org,uiQXgYqBjK0,nbellybf,2020-10-29 16:43:07
Mitchell,Bummfrey,mbummfreybg@360.cn,u2jW55ypXfMr,mbummfreybg,2021-11-05 01:23:12
Deirdre,Thaw,dthawbh@oracle.com,x8D8Z1XEtW8,dthawbh,2021-11-24 18:40:40
Winifield,Kiln,wkilnbi@businessinsider.com,RDKNk9yJ,wkilnbi,2021-07-13 12:53:00
Vassily,Chetham,vchethambj@creativecommons.org,6QTUfpG,vchethambj,2015-10-14 01:42:59
Margit,Outram,moutrambk@usatoday.com,fPzBJ6ry1U,moutrambk,2016-02-02 13:35:16
Maynord,Linnell,mlinnellbl@hao123.com,oErMk1WKupm,mlinnellbl,2021-12-11 17:07:21
Brittany,Backhurst,bbackhurstbm@answers.com,hfRtQu,bbackhurstbm,2018-04-22 03:29:42
Haze,Barsby,hbarsbybn@google.com.au,Tzvzeu,hbarsbybn,2021-08-08 17:32:26
Anita,Smitham,asmithambo@google.ru,2HQF3q,asmithambo,2018-11-07 19:32:23
Fredrick,Coutts,fcouttsbp@youtu.be,yw0KXwF,fcouttsbp,2018-06-22 23:53:55
Burlie,Ikringill,bikringillbq@archive.org,kqpPzzaVbA,bikringillbq,2015-10-20 16:18:46
Stella,Aughton,saughtonbr@yale.edu,eSLCxdbLJ,saughtonbr,2020-07-06 08:47:26
Gussi,Pilch,gpilchbs@wordpress.org,mBvY8i7,gpilchbs,2017-01-15 20:13:59
Joni,Been,jbeenbt@webmd.com,QVAGNF36E,jbeenbt,2017-02-12 14:36:24
Phip,Capp,pcappbu@1und1.de,miXORzG47,pcappbu,2020-02-29 04:03:17
Victoir,Garrelts,vgarreltsbv@unesco.org,bJxcjB,vgarreltsbv,2015-03-02 05:28:57
Briggs,Plumley,bplumleybw@zimbio.com,nuVumurbkPG5,bplumleybw,2020-06-05 17:56:21
Merry,Steely,msteelybx@vinaora.com,oBx0ktVQRu,msteelybx,2017-04-29 00:49:29
Heall,Gibbon,hgibbonby@salon.com,FknqVCrev3N,hgibbonby,2019-01-29 03:11:29
Keri,Pruce,kprucebz@ustream.tv,PhWjJO,kprucebz,2021-05-03 16:28:39
Justine,Allso,jallsoc0@comsenz.com,6JXFWDl68B,jallsoc0,2016-12-31 14:21:17
Courtenay,Bassil,cbassilc1@networksolutions.com,4Q4g4BRY1,cbassilc1,2015-07-23 21:41:35
Adams,Igglesden,aigglesdenc2@amazon.com,UKlK0d9,aigglesdenc2,2021-05-09 04:21:11
Noella,Scripture,nscripturec3@nhs.uk,2AquqiQ,nscripturec3,2015-07-28 20:13:26
Fredrika,Rassmann,frassmannc4@alibaba.com,NFLfhjR,frassmannc4,2018-01-28 09:27:26
Stace,Barsham,sbarshamc5@google.com.au,23IJqJVR,sbarshamc5,2019-06-29 09:08:44
Midge,Andrzejak,mandrzejakc6@reference.com,AQr5zjk,mandrzejakc6,2018-09-29 13:00:11
Pris,Daughtrey,pdaughtreyc7@ibm.com,TboqpuG,pdaughtreyc7,2021-08-05 22:45:49
Silvana,Wardle,swardlec8@lycos.com,rmF23K5DoIEo,swardlec8,2020-08-27 02:06:49
Lawrence,Sturmey,lsturmeyc9@so-net.ne.jp,rSNKXM,lsturmeyc9,2016-10-06 11:36:23
Janis,Laffin,jlaffinca@nydailynews.com,sXtTuDKokMIa,jlaffinca,2017-01-26 03:24:21
Vivie,Hirche,vhirchecb@ifeng.com,bXoFZ7,vhirchecb,2020-08-18 06:21:10
Cam,Vicker,cvickercc@cmu.edu,5u5pPg919B,cvickercc,2021-11-17 19:51:19
Emiline,Gilvary,egilvarycd@seesaa.net,MZjm3P92,egilvarycd,2015-09-29 02:45:52
Neala,Elleyne,nelleynece@archive.org,LmCoGVTZDMi,nelleynece,2018-05-10 13:34:57
Minerva,Marmon,mmarmoncf@home.pl,fPWkQbcb,mmarmoncf,2018-10-27 04:09:03
Rosy,Charle,rcharlecg@bloglines.com,gMqmYr,rcharlecg,2016-05-15 02:43:31
Edgardo,Le Fleming,eleflemingch@businesswire.com,gXzbXHyo,eleflemingch,2022-01-13 08:33:54
Dion,Pahl,dpahlci@bizjournals.com,ZhdbRdoDUkRG,dpahlci,2018-06-22 14:24:11
Vivia,Heliar,vheliarcj@newsvine.com,lnjfhaHcD,vheliarcj,2017-12-13 04:20:20
Lonnard,Fricker,lfrickerck@facebook.com,LwQ7Ki7Nf,lfrickerck,2016-11-19 10:20:53
Morie,Ogbourne,mogbournecl@huffingtonpost.com,4vDZU5zIJa,mogbournecl,2016-10-20 12:42:54
Faustina,Banker,fbankercm@bandcamp.com,6ANrFc,fbankercm,2019-07-11 12:28:31
Norris,Karpenya,nkarpenyacn@webmd.com,UVBinj5JKZs,nkarpenyacn,2021-04-06 09:46:44
Tressa,D'Orsay,tdorsayco@scribd.com,3ZqchmTUbeE,tdorsayco,2018-09-19 21:24:45
Carilyn,Pettiford,cpettifordcp@apple.com,H4Fq8v6e,cpettifordcp,2015-08-08 09:27:14
Fianna,Minshaw,fminshawcq@illinois.edu,JNJ1MMQV7Ghy,fminshawcq,2018-04-20 11:19:18
Dom,Adamowicz,dadamowiczcr@plala.or.jp,M7YnBaUyuRD,dadamowiczcr,2018-07-17 03:53:24
Osborne,Antrim,oantrimcs@hibu.com,gtq54zeqlJn7,oantrimcs,2015-08-26 20:15:15
Gal,Attenborough,gattenboroughct@furl.net,z94a9my,gattenboroughct,2016-11-06 02:21:02
Biron,Brithman,bbrithmancu@walmart.com,sCyWYo3FO,bbrithmancu,2016-11-26 00:31:33
Ephrayim,Jori,ejoricv@topsy.com,toLblHZ4zxNz,ejoricv,2021-09-10 12:54:31
Andi,Elderton,aeldertoncw@house.gov,I9rjEYh2FpC,aeldertoncw,2019-02-12 15:30:52
Cornie,Guppy,cguppycx@51.la,eOVObgA7,cguppycx,2015-03-15 15:19:02
Garrot,Cantwell,gcantwellcy@forbes.com,fhyx1ZvrQp,gcantwellcy,2020-05-24 05:59:36
Cam,Ashborn,cashborncz@sitemeter.com,08CElqg9z2,cashborncz,2021-10-07 18:28:33
Neysa,Belmont,nbelmontd0@washingtonpost.com,EdHwYj1,nbelmontd0,2016-03-20 17:47:48
Ferrell,Ohlsen,fohlsend1@t-online.de,vRV0fl,fohlsend1,2020-01-13 20:58:07
Damaris,Ravel,draveld2@sciencedirect.com,4jGfi0J,draveld2,2017-06-30 21:46:43
Catlee,Hadkins,chadkinsd3@timesonline.co.uk,AcqLmgsQ4,chadkinsd3,2019-08-29 12:48:56
Helaine,Duer,hduerd4@chronoengine.com,w6MMooXkX,hduerd4,2018-09-05 16:21:44
Marthe,Korneichik,mkorneichikd5@imgur.com,HnjvGuiptj,mkorneichikd5,2020-01-09 06:03:17
Linc,Ronisch,lronischd6@google.de,Xdm6Sbla4pW,lronischd6,2016-03-24 20:49:36
Cybill,Stamper,cstamperd7@time.com,fQslZJ,cstamperd7,2016-03-22 08:05:33
Clayborn,Withur,cwithurd8@gov.uk,MdDJr8uoTgE,cwithurd8,2021-04-13 09:10:11
Deidre,Huskisson,dhuskissond9@europa.eu,N8b1gOyq,dhuskissond9,2018-10-18 16:48:39
Tyrone,Sidery,tsideryda@ask.com,szHToNWZV,tsideryda,2018-12-30 07:08:15
Leela,M'Quhan,lmquhandb@howstuffworks.com,30R1DmS,lmquhandb,2021-09-04 17:12:53
Lucretia,Hilland,lhillanddc@skype.com,GwLi8UCH,lhillanddc,2022-03-28 17:30:58
Betti,Henrichs,bhenrichsdd@dagondesign.com,AztBkw,bhenrichsdd,2021-05-31 12:25:11
Cordelie,Klaaasen,cklaaasende@hud.gov,Eqdmm4nwPteC,cklaaasende,2020-01-11 18:17:16
Lark,Elmer,lelmerdf@irs.gov,EiowJHR4E,lelmerdf,2016-07-15 06:11:27
Artemas,McGilbon,amcgilbondg@cornell.edu,uU3nCVG,amcgilbondg,2019-06-14 23:26:31
Gaylor,Denison,gdenisondh@washington.edu,aPDi3PLbI,gdenisondh,2018-07-15 13:10:42
Rustie,Uwins,ruwinsdi@trellian.com,NTuTpaia,ruwinsdi,2015-05-27 06:04:17
Lidia,Meake,lmeakedj@deviantart.com,3jFYocQbg,lmeakedj,2015-08-01 19:02:59
Rosella,Wathey,rwatheydk@huffingtonpost.com,vB4CBBCTY0n8,rwatheydk,2018-11-30 20:36:30
Sollie,Kurt,skurtdl@tripod.com,LkbA0Bk35eYb,skurtdl,2016-08-27 02:14:32
Hewe,De Mitri,hdemitridm@xinhuanet.com,oHJAXwyenz,hdemitridm,2020-04-25 22:36:08
Oralie,D'Cruze,odcruzedn@alexa.com,S6rYH3PjL,odcruzedn,2015-06-17 05:03:14
Nola,Seleway,nselewaydo@gnu.org,aSi2if4,nselewaydo,2018-08-23 15:51:30
Hanna,Paddell,hpaddelldp@cmu.edu,NVtj3iOAn,hpaddelldp,2016-12-19 12:32:11
Morna,Galtone,mgaltonedq@webeden.co.uk,XMbb1lB,mgaltonedq,2020-07-19 01:40:31
Marjy,Leonard,mleonarddr@marriott.com,wxTPj0S2Q,mleonarddr,2019-05-22 16:24:59
Shani,Balam,sbalamds@mac.com,5YkGbJU32Bv,sbalamds,2017-07-15 11:11:23
Sebastiano,Daine,sdainedt@ucla.edu,3Hj6NtZhxG,sdainedt,2020-11-18 10:02:10
Cam,Thow,cthowdu@china.com.cn,ESZMFLu8W6h,cthowdu,2020-02-16 14:11:40
Aguie,Keymer,akeymerdv@hhs.gov,NeJT00J0bcT,akeymerdv,2016-11-25 00:17:38
Adi,Simmonds,asimmondsdw@odnoklassniki.ru,nflfkHGKmve,asimmondsdw,2016-02-23 15:45:24
Luz,Snarie,lsnariedx@amazon.com,57eRklRA,lsnariedx,2020-03-13 11:20:32
Collie,Foden,cfodendy@upenn.edu,v4NZUQ3qW,cfodendy,2020-06-10 16:16:35
Prisca,Durtnell,pdurtnelldz@comcast.net,TMbNUYTJgqF5,pdurtnelldz,2021-10-09 12:12:20
Haskell,McNern,hmcnerne0@ycombinator.com,L5A8mqTLq,hmcnerne0,2015-12-28 04:06:51
Jasun,Siddell,jsiddelle1@blog.com,r1P6oq3Twq0G,jsiddelle1,2015-03-20 05:59:49
Howie,Yude,hyudee2@gizmodo.com,objRd0,hyudee2,2016-03-16 16:54:19
Linoel,Costell,lcostelle3@ycombinator.com,fdp9ZUaGU9l6,lcostelle3,2021-11-26 22:02:24
Tabina,Lloyd-Williams,tlloydwilliamse4@indiatimes.com,SCYoDE,tlloydwilliamse4,2019-01-30 17:59:32
Benny,Bester,bbestere5@lulu.com,7J9vZMypI,bbestere5,2017-10-09 04:04:11
Dniren,Hanna,dhannae6@prnewswire.com,BUDGQJRmkTaP,dhannae6,2018-01-26 14:33:21
Maegan,Nyles,mnylese7@webmd.com,WkGyWP5P,mnylese7,2016-11-14 11:26:08
Bernardo,Hubbard,bhubbarde8@youtu.be,CkDTjol7Tn,bhubbarde8,2015-11-14 13:52:13
Marris,Augie,maugiee9@microsoft.com,y1Jry1,maugiee9,2021-08-28 21:20:49
Kevin,Phelip,kphelipea@google.ca,gUzQTK,kphelipea,2016-06-14 05:51:28
Olag,Aasaf,oaasafeb@aboutads.info,Xx6hIJ5,oaasafeb,2018-02-06 19:09:32
Martino,Brecknell,mbrecknellec@free.fr,1ROnTKsZD2,mbrecknellec,2017-06-06 08:23:59
Brigid,Menendez,bmenendezed@hud.gov,a7SIjs0wPT7y,bmenendezed,2017-10-11 18:24:45
Ingelbert,Gleed,igleedee@arstechnica.com,QxCJR6ge,igleedee,2016-05-28 03:57:10
Niel,Libbie,nlibbieef@example.com,eIYaPtm,nlibbieef,2022-03-13 05:04:51
Garrard,Fryd,gfrydeg@slate.com,a1ZFmOHsWF,gfrydeg,2020-10-21 11:00:22
Bartholomeus,Bohlje,bbohljeeh@marriott.com,Thrf4YCg,bbohljeeh,2021-02-01 20:15:18
Skippy,Matityahu,smatityahuei@meetup.com,8OamU47k,smatityahuei,2019-06-06 15:28:40
Perry,Pumphrey,ppumphreyej@spotify.com,uafTMMSSkDh6,ppumphreyej,2018-01-28 23:49:13
Bird,Nassie,bnassieek@army.mil,Scux7tj1Cl,bnassieek,2020-03-06 04:17:00
Mahala,Filochov,mfilochovel@cmu.edu,DsSm0T9o,mfilochovel,2019-01-13 05:51:12
Michel,Cattanach,mcattanachem@purevolume.com,Vr4XxJG,mcattanachem,2021-12-15 19:36:55
Debi,Stenton,dstentonen@constantcontact.com,lQKURoXg,dstentonen,2017-03-25 01:28:07
Lorrayne,Prime,lprimeeo@home.pl,9DYLrv8F2MUs,lprimeeo,2016-04-08 07:51:05
Audra,Furmenger,afurmengerep@clickbank.net,KpK1cP,afurmengerep,2015-06-10 14:42:21
Bartie,Remirez,bremirezeq@techcrunch.com,qBFwwDQyRnL,bremirezeq,2017-10-02 19:13:50
Vergil,McCarver,vmccarverer@ucoz.ru,dX1pgaaC7Wj,vmccarverer,2016-07-13 09:52:22
Brett,Daouse,bdaousees@networksolutions.com,EmTe98Rudrs,bdaousees,2019-05-18 18:50:41
Sol,Dingwall,sdingwallet@statcounter.com,9FwvkK,sdingwallet,2018-09-06 17:00:43
Cornall,Deverill,cdeverilleu@webmd.com,d1ILuO1,cdeverilleu,2021-10-28 21:32:52
Steffane,Swafford,sswaffordev@wikia.com,WhOhG1,sswaffordev,2016-06-01 07:25:45
Gasper,Menichini,gmenichiniew@huffingtonpost.com,EQHqHuSEWKg,gmenichiniew,2017-05-31 19:47:29
Calla,Lehrer,clehrerex@clickbank.net,A6xFfJK6YdT,clehrerex,2016-08-23 09:25:11
Gaby,Seath,gseathey@google.co.jp,QU2nxAhUt,gseathey,2017-09-10 03:51:10
Northrup,Gibben,ngibbenez@imageshack.us,H9hLK0E4Q,ngibbenez,2018-10-23 19:10:57
Marthena,McNevin,mmcnevinf0@wp.com,p95c5cEIv,mmcnevinf0,2019-03-11 07:39:38
Auria,Paolicchi,apaolicchif1@answers.com,GrlxVrD,apaolicchif1,2016-06-07 11:37:00
Veda,Corpes,vcorpesf2@parallels.com,0dN7N1B,vcorpesf2,2015-03-07 15:26:25
Ianthe,Mantripp,imantrippf3@washingtonpost.com,LRDr7exjAu00,imantrippf3,2022-01-15 00:26:14
Sigismondo,McGuirk,smcguirkf4@flavors.me,Lmary3z,smcguirkf4,2018-05-08 01:14:30
Sully,Camlin,scamlinf5@bloglovin.com,2NPEL1KD7,scamlinf5,2017-11-27 03:38:30
Field,Gregoretti,fgregorettif6@army.mil,pAwKw5WPXU,fgregorettif6,2021-06-09 15:30:39
Haslett,Pickles,hpicklesf7@wikispaces.com,hGlstVrH,hpicklesf7,2018-01-08 13:27:34
Phillida,Guerra,pguerraf8@admin.ch,v8YBfdhtY,pguerraf8,2019-04-10 15:37:23
Frances,Issacson,fissacsonf9@artisteer.com,EOUHERfZZoR,fissacsonf9,2021-02-05 07:30:43
Genvieve,Duigan,gduiganfa@wufoo.com,UhD4pqM,gduiganfa,2018-05-19 02:51:27
Anne,McCahill,amccahillfb@miitbeian.gov.cn,Igo3lGK,amccahillfb,2020-09-27 20:46:09
Lita,Calway,lcalwayfc@bloglovin.com,Zsly4YL7s,lcalwayfc,2020-11-17 05:09:59
Vinny,Bamlett,vbamlettfd@bravesites.com,N57fPZ7aMk,vbamlettfd,2017-06-15 03:11:01
Brennan,Glide,bglidefe@theatlantic.com,WDdodp,bglidefe,2018-08-22 14:43:32
Nady,Lapsley,nlapsleyff@zdnet.com,u6UJOW5,nlapsleyff,2021-06-21 01:15:40
Eliot,Iannini,eianninifg@unblog.fr,T3iKFhzWdD8l,eianninifg,2020-04-07 10:55:44
Lisetta,Wyldbore,lwyldborefh@blogspot.com,5dewXkWzg86,lwyldborefh,2019-05-06 12:52:54
Dillon,Batts,dbattsfi@ucsd.edu,8lRGDZxKMc,dbattsfi,2017-01-24 03:42:03
Kristi,Santen,ksantenfj@google.co.uk,aYxcOu,ksantenfj,2021-01-20 05:54:24
Corrie,Pinshon,cpinshonfk@mashable.com,BMkLadC,cpinshonfk,2021-08-08 15:19:34
Shannan,Edwardes,sedwardesfl@hp.com,C9DfvK,sedwardesfl,2021-01-24 06:43:32
Gerhardine,Bartlet,gbartletfm@answers.com,gYw4XknYT,gbartletfm,2021-08-15 06:40:29
Findley,Sadry,fsadryfn@samsung.com,b6yjOznP5W,fsadryfn,2018-06-09 18:06:48
Thane,Bensley,tbensleyfo@globo.com,84t6xXu6iq,tbensleyfo,2021-09-06 04:35:11
Shirlene,Kalinovich,skalinovichfp@hao123.com,mMe8yP8V,skalinovichfp,2021-12-04 14:24:29
Albie,Yarranton,ayarrantonfq@etsy.com,P3FM4NuRZfPD,ayarrantonfq,2018-10-26 16:35:35
Ulrika,Abrashkin,uabrashkinfr@spiegel.de,SVY4tLH,uabrashkinfr,2020-09-13 11:48:43
Pippo,Kilfeather,pkilfeatherfs@multiply.com,i923DBt6,pkilfeatherfs,2015-07-21 15:53:12
Town,Lanceter,tlanceterft@csmonitor.com,wPHNOqqlD,tlanceterft,2017-05-11 08:57:07
Angeli,Creasy,acreasyfu@businessinsider.com,6rFsv0xcvd,acreasyfu,2019-01-14 05:33:41
Frederik,Penkman,fpenkmanfv@jigsy.com,Ef8MVtJ4xCZG,fpenkmanfv,2015-06-23 14:29:06
Maudie,Waldram,mwaldramfw@slate.com,VUknVplMjb,mwaldramfw,2018-12-03 22:49:34
Elora,Cosgreave,ecosgreavefx@twitpic.com,r75p0Ru,ecosgreavefx,2021-06-09 03:26:45
Greg,Kersting,gkerstingfy@ihg.com,Oqhi34jKq,gkerstingfy,2015-09-20 22:38:46
Delinda,Lumm,dlummfz@google.nl,9hRamQU,dlummfz,2017-07-13 01:24:58
Cello,Whitehall,cwhitehallg0@sogou.com,LH9Vswgm,cwhitehallg0,2019-08-08 02:56:43
Jacquelin,Wolford,jwolfordg1@dot.gov,lxDz9i52AQFy,jwolfordg1,2016-07-24 23:39:41
Felicity,Bairnsfather,fbairnsfatherg2@cornell.edu,NPsD2Tsd,fbairnsfatherg2,2020-06-30 23:09:46
Irwin,Hambribe,ihambribeg3@google.it,ZAhuubm,ihambribeg3,2020-01-15 11:47:37
Mischa,Keasey,mkeaseyg4@chron.com,zmYAvhYNz,mkeaseyg4,2022-03-16 09:56:22
Jakob,Lanfere,jlanfereg5@marriott.com,egkAFG,jlanfereg5,2018-01-18 05:48:17
Floria,De La Salle,fdelasalleg6@auda.org.au,a8BXewI6sVVq,fdelasalleg6,2020-08-27 07:33:39
Pietro,Hegge,pheggeg7@fotki.com,guMtywhD,pheggeg7,2018-12-02 13:47:53
Carita,Mazonowicz,cmazonowiczg8@google.co.jp,gLYBG2E,cmazonowiczg8,2020-03-22 18:29:28
Ethel,Brandli,ebrandlig9@yellowbook.com,DxqF7OItJ9k,ebrandlig9,2016-07-30 07:41:14
Nerissa,Indruch,nindruchga@berkeley.edu,1texYOR,nindruchga,2018-11-08 01:11:37
Rozele,Thorius,rthoriusgb@wsj.com,7QbLf1ftX0,rthoriusgb,2016-01-23 10:05:03
Carmon,Parham,cparhamgc@discuz.net,gcSlzhz8eapi,cparhamgc,2016-09-23 10:49:46
Cheri,Gresswell,cgresswellgd@pinterest.com,Rsyrn419gji,cgresswellgd,2020-09-26 09:14:00
Niko,Jostan,njostange@indiatimes.com,IeTF5PiZR,njostange,2017-07-12 22:18:50
Bernete,Neles,bnelesgf@livejournal.com,Dj3OLXNagln,bnelesgf,2018-08-02 21:16:19
Melly,Tother,mtothergg@google.fr,biWnVdqq,mtothergg,2018-12-22 15:44:07
Ker,MacCulloch,kmaccullochgh@cafepress.com,nEJjsjvAqXqb,kmaccullochgh,2021-01-14 00:22:40
Harley,Thow,hthowgi@behance.net,MEZmgOk,hthowgi,2017-03-05 08:52:48
Demetre,Bichener,dbichenergj@bigcartel.com,H3uSFnuHk,dbichenergj,2019-06-26 09:48:29
Maggy,Boman,mbomangk@goodreads.com,p0BjLlsPQ,mbomangk,2018-07-06 14:11:29
Ave,Cordsen,acordsengl@google.com.br,Zs2j9rSUrE,acordsengl,2015-08-01 14:57:09
Carney,Storry,cstorrygm@rakuten.co.jp,j62tucXD482k,cstorrygm,2019-04-12 23:01:25
Chrissie,Damiata,cdamiatagn@bloomberg.com,K3DvOKX,cdamiatagn,2020-03-18 03:28:17
Isacco,Rodder,iroddergo@timesonline.co.uk,iOFGUd,iroddergo,2020-07-06 06:10:58
Jerad,Barstow,jbarstowgp@dot.gov,ZerrjATrg,jbarstowgp,2018-05-23 17:55:22
Dorian,Pareman,dparemangq@arizona.edu,cqudjpQF,dparemangq,2020-11-22 01:16:56
Eldridge,Vose,evosegr@ihg.com,Rn22HSMOOY,evosegr,2018-02-18 21:55:50
Jedd,Le Huquet,jlehuquetgs@fastcompany.com,pBq4UJk6,jlehuquetgs,2018-09-19 19:20:33
Olvan,Hanburry,ohanburrygt@bbb.org,zziI3ytTP,ohanburrygt,2016-01-11 15:01:03
Bryan,McCafferky,bmccafferkygu@imdb.com,Vm5OfWVQ0zWu,bmccafferkygu,2018-07-10 00:40:06
Nollie,Hanwright,nhanwrightgv@meetup.com,VH6n3fCOZu,nhanwrightgv,2017-04-22 01:26:40
Kari,Brasse,kbrassegw@smugmug.com,Q1jhb6U8,kbrassegw,2017-12-14 12:06:37
Hurleigh,Kimmince,hkimmincegx@youtu.be,IkUdb90O,hkimmincegx,2021-12-09 23:28:26
Loella,Mahony,lmahonygy@upenn.edu,KjVQ3bF,lmahonygy,2016-12-02 12:41:11
Ulrich,Bapty,ubaptygz@uiuc.edu,VDMoyYEup,ubaptygz,2016-01-17 05:04:15
Catlin,Poytress,cpoytressh0@youku.com,Ya8CAllEr,cpoytressh0,2015-03-04 06:50:43
Abagael,Espinazo,aespinazoh1@g.co,lOExKH,aespinazoh1,2020-10-21 12:20:15
Pam,Fumagall,pfumagallh2@comcast.net,rgfRWOdmk,pfumagallh2,2020-03-13 19:59:32
Harrietta,Towey,htoweyh3@chicagotribune.com,beNCk8IDS,htoweyh3,2020-07-10 22:51:38
Peggy,Grove,pgroveh4@infoseek.co.jp,hxD55Vt8V,pgroveh4,2019-11-30 06:32:26
Edward,Sissens,esissensh5@diigo.com,Ecozh0w,esissensh5,2017-09-23 12:44:36
Onfroi,Dalziel,odalzielh6@howstuffworks.com,oXRQNjm,odalzielh6,2018-08-11 16:34:34
Fraser,Denison,fdenisonh7@de.vu,vT1g2GF3i,fdenisonh7,2022-02-04 19:54:09
Bethany,Graundisson,bgraundissonh8@microsoft.com,Faoycd0CWEwh,bgraundissonh8,2017-04-28 18:54:00
Skylar,Tidswell,stidswellh9@vistaprint.com,LUPhqa,stidswellh9,2016-08-09 21:42:35
Delly,Jeandillou,djeandillouha@yahoo.com,ks4F476J2b,djeandillouha,2017-11-22 03:53:13
Sherlocke,Dryburgh,sdryburghhb@amazon.co.jp,7lLC1Slzf90,sdryburghhb,2019-06-30 23:48:56
Basile,Hansell,bhansellhc@marriott.com,Zu6PDD,bhansellhc,2016-01-21 07:38:02
Bren,Kells,bkellshd@istockphoto.com,7MFl6K,bkellshd,2016-08-11 20:45:52
Barb,Beldum,bbeldumhe@wikia.com,JFtToYhw,bbeldumhe,2021-10-17 09:17:12
Adriena,Armsden,aarmsdenhf@technorati.com,UNtfgaP5,aarmsdenhf,2019-01-30 20:12:42
Donielle,Polini,dpolinihg@networkadvertising.org,62aFZfcUK,dpolinihg,2016-05-18 07:35:11
Buckie,Slite,bslitehh@twitpic.com,ZM8LdkJvdI,bslitehh,2021-07-11 10:15:55
Benson,Burford,bburfordhi@bigcartel.com,NjPwI3n,bburfordhi,2015-04-18 20:07:05
Emmalyn,Cheeseman,echeesemanhj@springer.com,khpfzhp3,echeesemanhj,2021-07-04 08:05:33
Dasie,Bazelle,dbazellehk@irs.gov,gKgdS6we,dbazellehk,2021-06-29 09:57:09
Ruggiero,Leving,rlevinghl@biglobe.ne.jp,0ArDOuf9Oauw,rlevinghl,2019-06-20 12:40:25
Susan,Bezzant,sbezzanthm@jalbum.net,437359,sbezzanthm,2017-03-20 06:00:13
Orelee,Gasking,ogaskinghn@bloglovin.com,PF9nUZHuo,ogaskinghn,2018-08-23 19:33:14
Regan,Stanhope,rstanhopeho@shareasale.com,BKpEM4o21,rstanhopeho,2016-07-16 05:52:15
Angelo,Camm,acammhp@smugmug.com,lYFVLzmGT0LP,acammhp,2018-09-07 00:33:22
Cordi,Langton,clangtonhq@psu.edu,BgRN6RcxT3,clangtonhq,2018-01-26 13:05:53
Tory,Buten,tbutenhr@comsenz.com,juKniMi7,tbutenhr,2015-11-12 00:54:42
Matthaeus,Walisiak,mwalisiakhs@ucla.edu,RdU5EIK,mwalisiakhs,2021-08-18 09:43:05
Gladi,Gannicleff,ggannicleffht@bizjournals.com,VvNm2q,ggannicleffht,2021-12-31 21:16:10
Caterina,Abatelli,cabatellihu@gnu.org,T2FWMNgw18V,cabatellihu,2015-05-06 04:24:33
Terry,Irvin,tirvinhv@apache.org,MNpO1dbcVU,tirvinhv,2019-04-14 12:23:51
Orson,Dallman,odallmanhw@comsenz.com,6744YhLbdl,odallmanhw,2015-08-09 11:41:16
Tamiko,Scutter,tscutterhx@answers.com,32c5WEfPMXr,tscutterhx,2017-07-22 21:41:51
Valentin,Gomery,vgomeryhy@usnews.com,8cxwrHEcxO,vgomeryhy,2017-12-31 01:18:37
Doria,Rove,drovehz@geocities.jp,C75DrJ1ZX,drovehz,2015-10-18 23:06:49
Leila,Thunnerclef,lthunnerclefi0@chicagotribune.com,aZBzE384FiG,lthunnerclefi0,2020-12-11 12:06:57
Michal,Camings,mcamingsi1@simplemachines.org,qEazyUk9V,mcamingsi1,2018-08-23 07:58:16
Diahann,Izat,dizati2@unesco.org,xrywwWzONv,dizati2,2019-03-26 02:16:48
Cammi,Gotling,cgotlingi3@myspace.com,jQJsYY8LQeJo,cgotlingi3,2017-06-21 17:01:11
Ermin,Cluderay,ecluderayi4@networksolutions.com,sc6lOFVf3V52,ecluderayi4,2016-07-13 19:17:28
Daphna,Silcox,dsilcoxi5@printfriendly.com,aT5Vufcyoq,dsilcoxi5,2017-03-19 22:07:05
Wyn,Flori,wflorii6@issuu.com,uglmITF,wflorii6,2020-08-16 21:56:30
Abra,Hanford,ahanfordi7@artisteer.com,wWDUP2s5JvT,ahanfordi7,2019-09-16 14:25:49
Wilfrid,Bentham,wbenthami8@japanpost.jp,YJGRILzm4i8,wbenthami8,2018-05-17 01:32:53
Raven,Tabourier,rtabourieri9@hexun.com,8vBeUx,rtabourieri9,2021-02-21 08:06:04
Ailbert,Tempest,atempestia@miitbeian.gov.cn,2QdfKX,atempestia,2020-03-17 17:35:15
Fiann,Schaumaker,fschaumakerib@examiner.com,GZ1LS1k,fschaumakerib,2015-11-16 03:14:07
Gilburt,Borwick,gborwickic@deliciousdays.com,1qm4qDNvQAyk,gborwickic,2021-12-18 10:17:07
Mirabelle,Pead,mpeadid@ow.ly,VjW6fDF2,mpeadid,2016-06-17 07:41:28
Ninnetta,Padden,npaddenie@google.com,UbWfbpVbcM,npaddenie,2020-09-22 15:51:17
Marcelle,Mardy,mmardyif@craigslist.org,1ghmUe6,mmardyif,2016-09-18 12:51:30
Arabele,Seavers,aseaversig@vistaprint.com,m6Nb5N2lyge,aseaversig,2017-06-09 11:05:01
Shelby,Oakden,soakdenih@examiner.com,D4LSrSiHl7CK,soakdenih,2021-01-03 01:30:32
Kathe,Matschoss,kmatschossii@jigsy.com,uvOUEpFn3,kmatschossii,2016-08-15 13:13:06
Rudd,Jacobs,rjacobsij@over-blog.com,e7K3wfe3HjuX,rjacobsij,2020-10-08 22:13:01
Deloria,Lamberts,dlambertsik@addtoany.com,s1nxzcwNHzx3,dlambertsik,2017-11-26 05:22:31
Xenia,Chinnock,xchinnockil@vk.com,sNmyznV,xchinnockil,2020-03-18 17:28:05
Verine,Churchard,vchurchardim@github.com,MiDfBH9s,vchurchardim,2015-07-03 22:39:40
Anatole,Stork,astorkin@mashable.com,6aINTkvgo3lh,astorkin,2017-12-23 19:19:39
Jorge,Lakin,jlakinio@paginegialle.it,AofHIkIYg,jlakinio,2016-02-16 01:46:45
Fabiano,Scully,fscullyip@zimbio.com,8ZIfcaib7oxP,fscullyip,2017-01-30 08:03:08
Modestine,Dacre,mdacreiq@newsvine.com,stQHSC,mdacreiq,2016-09-20 14:28:47
Tom,Way,twayir@ftc.gov,ypBOnWF,twayir,2021-08-15 00:04:23
Rickie,O'Scollain,roscollainis@dropbox.com,dvWUN0nD3,roscollainis,2017-10-19 02:57:05
Kendal,Daleman,kdalemanit@booking.com,TVkvoQjy,kdalemanit,2020-07-27 01:37:08
Booth,Kirtlan,bkirtlaniu@miitbeian.gov.cn,0txNTBbBK,bkirtlaniu,2017-02-09 02:09:33
Ethe,Balk,ebalkiv@imageshack.us,9RIe7B,ebalkiv,2021-11-30 07:46:15
Web,Boyford,wboyfordiw@slate.com,GVJ2CHj10p,wboyfordiw,2016-03-30 07:54:55
Dunstan,Castellan,dcastellanix@adobe.com,huNsyo,dcastellanix,2019-10-08 09:23:05
Pierre,Branca,pbrancaiy@nytimes.com,5GTDN5xmu,pbrancaiy,2021-07-25 17:41:18
Gauthier,Impey,gimpeyiz@chronoengine.com,IRVIKLtX,gimpeyiz,2019-06-21 09:31:12
Didi,Swepson,dswepsonj0@123-reg.co.uk,ScUi07HYoM3w,dswepsonj0,2018-07-05 05:12:48
Willetta,Godding,wgoddingj1@google.ca,GiRrKAyx,wgoddingj1,2019-12-08 21:26:49
Nicole,Kenwrick,nkenwrickj2@wikia.com,Zggm1K,nkenwrickj2,2021-12-18 15:06:55
Bendicty,Nulty,bnultyj3@xinhuanet.com,K4DNk9eI91Th,bnultyj3,2018-06-17 18:11:03
Dale,Schutter,dschutterj4@weebly.com,Rtq337P,dschutterj4,2020-07-17 19:44:32
Forster,Keates,fkeatesj5@elpais.com,Kxl93IEEG,fkeatesj5,2019-10-08 02:25:07
Spence,Passy,spassyj6@linkedin.com,EdodxtG7dex,spassyj6,2017-03-27 10:08:35
Nessa,Seller,nsellerj7@mozilla.org,N0yWBET,nsellerj7,2016-04-30 14:42:24
Darrin,Dufour,ddufourj8@zimbio.com,q3h6KAF3Uh,ddufourj8,2019-03-24 02:56:16
Bord,MacCracken,bmaccrackenj9@mozilla.com,mcavrl5hZ,bmaccrackenj9,2020-08-06 12:53:58
Drucill,Acreman,dacremanja@sina.com.cn,OpTtOPmC,dacremanja,2022-02-14 06:44:04
Francoise,Cumming,fcummingjb@weebly.com,Ri9uhVN3bf,fcummingjb,2016-02-19 04:03:46
Brad,Dellit,bdellitjc@wisc.edu,sY7zEHzxMCIl,bdellitjc,2019-11-07 05:47:08
Padgett,Jimmes,pjimmesjd@mail.ru,pE1JGx1UXJ,pjimmesjd,2020-10-29 04:50:44
Elberta,Mockler,emocklerje@gizmodo.com,oImoZP2R56Z,emocklerje,2019-04-30 19:32:27
Petronia,Leil,pleiljf@java.com,Gjg4GJABwG,pleiljf,2019-08-29 15:17:07
Zenia,Swateridge,zswateridgejg@rakuten.co.jp,E3C52bnLxC,zswateridgejg,2019-02-05 23:06:21
Shellysheldon,Ellyatt,sellyattjh@people.com.cn,Yyp8Ijrm,sellyattjh,2019-08-04 00:33:42
Ave,Lacey,alaceyji@123-reg.co.uk,gupgi0kO2,alaceyji,2015-09-09 08:25:22
Augusto,Etteridge,aetteridgejj@t-online.de,7EB6TG,aetteridgejj,2021-11-23 05:19:30
Johnette,Francesc,jfrancescjk@drupal.org,qCXZAGLksIu,jfrancescjk,2022-01-02 06:24:04
Dorella,Springett,dspringettjl@indiatimes.com,CNoJEZe,dspringettjl,2017-10-01 21:33:17
Peterus,Bessett,pbessettjm@cdc.gov,VEeHlT,pbessettjm,2020-11-15 01:12:02
Raddy,Sayse,rsaysejn@fc2.com,IeM12Qo,rsaysejn,2015-03-07 14:58:08
Kirby,Dowker,kdowkerjo@dot.gov,Hk205QrZ,kdowkerjo,2017-07-11 22:30:02
Briant,Vasilyev,bvasilyevjp@so-net.ne.jp,kNynjcpIP2,bvasilyevjp,2017-02-14 19:12:02
Gibb,Enderson,gendersonjq@smugmug.com,ra9nCAbi,gendersonjq,2021-12-25 07:59:46
Prisca,Agett,pagettjr@house.gov,TGAJzZymPZFb,pagettjr,2020-08-18 10:46:03
Ferguson,Filkov,ffilkovjs@miibeian.gov.cn,kcvIThimP,ffilkovjs,2015-09-14 16:41:09
Nollie,Derx,nderxjt@java.com,Hci0tcGYBJ1,nderxjt,2017-09-20 10:20:19
Ravid,Letham,rlethamju@linkedin.com,1HQPEJkypq,rlethamju,2021-04-12 19:22:30
Stefan,Heaphy,sheaphyjv@cargocollective.com,OAQICREXebsX,sheaphyjv,2019-04-16 04:59:46
Louis,Murdoch,lmurdochjw@free.fr,qDcoBY,lmurdochjw,2015-06-21 10:39:31
Lexis,Annesley,lannesleyjx@youtube.com,IE6JEZ5c1qu,lannesleyjx,2016-03-03 05:48:29
Roselia,Franses,rfransesjy@qq.com,vnajFWDgt,rfransesjy,2020-04-24 17:30:24
Peyton,Gridley,pgridleyjz@auda.org.au,wzULniA,pgridleyjz,2021-06-15 20:39:07
Pansie,O'Ruane,poruanek0@bluehost.com,Y14J5TRntrN,poruanek0,2017-02-08 07:45:47
Giffie,Edens,gedensk1@rambler.ru,C1TasCmg5,gedensk1,2017-02-01 18:44:42
Jacinda,MacCafferky,jmaccafferkyk2@e-recht24.de,57A90XTYG,jmaccafferkyk2,2021-04-28 09:14:41
Alexina,Tuttiett,atuttiettk3@fastcompany.com,6tjVskuamfM,atuttiettk3,2020-09-04 14:33:33
Felecia,Wallsam,fwallsamk4@ftc.gov,LcLfbtkhDd,fwallsamk4,2021-04-12 13:27:57
Jan,Revelle,jrevellek5@yellowpages.com,kZxb7WAEOcWY,jrevellek5,2021-11-09 06:40:40
Amandi,Morais,amoraisk6@imageshack.us,CvGAC3kFk6Jo,amoraisk6,2016-08-18 14:57:29
Carmencita,Addicote,caddicotek7@webeden.co.uk,3bO61DOR,caddicotek7,2022-03-24 12:40:54
Harald,Bendel,hbendelk8@dmoz.org,fD2wuS,hbendelk8,2015-06-08 02:37:56
Ferrel,Cecchetelli,fcecchetellik9@wikispaces.com,mIHf8leb27Cc,fcecchetellik9,2018-12-05 15:37:41
Trevor,McGhee,tmcgheeka@independent.co.uk,mLcutw9Ss,tmcgheeka,2017-04-03 13:06:41
Morissa,Mangeon,mmangeonkb@pen.io,4OR4qrj9,mmangeonkb,2019-07-21 17:24:50
Natal,Morrid,nmorridkc@ehow.com,MoQW1TO1,nmorridkc,2016-06-18 04:30:29
Clerissa,Littefair,clittefairkd@yahoo.com,jp0tN6AzCF,clittefairkd,2017-08-02 15:45:42
Trixi,Willowby,twillowbyke@ovh.net,CuhMLUQo6n,twillowbyke,2017-09-08 05:40:01
Portie,Bellew,pbellewkf@usatoday.com,b3TV9EI,pbellewkf,2021-01-04 05:26:03
Katy,Spata,kspatakg@bigcartel.com,n6ghegPI7sdN,kspatakg,2016-06-08 22:13:26
Keri,Chiese,kchiesekh@skype.com,BvJtgul,kchiesekh,2018-05-05 19:20:21
Morgana,Capstack,mcapstackki@earthlink.net,dUwXVV,mcapstackki,2017-10-09 12:04:56
Jonathon,Gladding,jgladdingkj@rakuten.co.jp,FW29TrIX,jgladdingkj,2020-02-03 04:27:55
Carolyne,Porter,cporterkk@facebook.com,PjqoceB91r,cporterkk,2021-06-13 12:33:10
Zola,Parslow,zparslowkl@deviantart.com,rOlzg7u,zparslowkl,2021-01-06 08:28:03
Alaine,Rowney,arowneykm@technorati.com,QrWzZmA71KJ,arowneykm,2021-01-12 09:30:50
Kailey,Bartzen,kbartzenkn@nps.gov,qhdaCVRLOX,kbartzenkn,2019-07-28 23:35:30
Bobbie,Pleasaunce,bpleasaunceko@webnode.com,QbKhUp5TC3B8,bpleasaunceko,2017-06-22 17:23:31
Miles,Bicker,mbickerkp@weibo.com,JXKTozBM6,mbickerkp,2016-02-16 21:00:52
Janina,Beckmann,jbeckmannkq@microsoft.com,yfQ1EWZGu,jbeckmannkq,2018-02-20 16:05:16
Natalee,Mates,nmateskr@tiny.cc,BdW0AMFNjF,nmateskr,2015-04-20 04:47:22
Vivia,Robinett,vrobinettks@phpbb.com,WVwKpaLPnC,vrobinettks,2016-07-15 08:45:18
Julia,Horry,jhorrykt@ucsd.edu,GpG3TEVUkn,jhorrykt,2022-01-31 04:01:28
Ki,Chene,kcheneku@google.co.uk,hFaDCgtT5JHr,kcheneku,2015-08-19 14:49:51
Fergus,Ormesher,formesherkv@e-recht24.de,JZRrBL,formesherkv,2017-01-05 01:29:12
Billy,Fassmann,bfassmannkw@smugmug.com,gg8RHpyn,bfassmannkw,2017-03-26 23:06:16
Licha,Schubuser,lschubuserkx@goodreads.com,hYmIx9Qpt,lschubuserkx,2020-02-04 04:51:06
Constantia,Gostling,cgostlingky@sciencedaily.com,oeNpFe1Cfq,cgostlingky,2018-02-04 02:17:32
Arvy,Solland,asollandkz@parallels.com,DLYVFE,asollandkz,2016-03-26 04:35:13
Yorker,Glewe,yglewel0@miitbeian.gov.cn,noVKLE0k8,yglewel0,2020-09-18 22:46:38
Russell,Anear,ranearl1@indiatimes.com,E144SY,ranearl1,2017-09-23 12:33:34
Fair,Selvey,fselveyl2@blogspot.com,jRU7LPUm,fselveyl2,2015-11-17 03:39:22
Bartolemo,Torrie,btorriel3@networksolutions.com,8Dm4IHNxA,btorriel3,2022-03-08 12:05:28
Jayne,LaBastida,jlabastidal4@vkontakte.ru,tqhGxuivJbSr,jlabastidal4,2021-01-14 06:15:20
Duane,Edinboro,dedinborol5@google.nl,Vax7bUml,dedinborol5,2017-11-25 00:18:55
Cory,Idell,cidelll6@delicious.com,O8HE8JWd,cidelll6,2020-12-13 06:58:22
Denise,Basnett,dbasnettl7@icio.us,OTKt2m,dbasnettl7,2016-02-22 19:57:39
Marlon,Bernardeschi,mbernardeschil8@google.ru,eEXnRs2d,mbernardeschil8,2018-02-23 11:13:46
Burt,Fusco,bfuscol9@nyu.edu,Kr1TvtTrD,bfuscol9,2016-06-04 06:35:18
Travers,Toombs,ttoombsla@github.io,dw0nvb0z,ttoombsla,2016-03-02 22:59:35
Letty,Wadeson,lwadesonlb@msu.edu,z55MWXg6,lwadesonlb,2020-05-01 22:55:19
Virgil,Luckie,vluckielc@xrea.com,r3mhWqpJ9e2,vluckielc,2015-04-24 16:16:52
Reine,Veck,rveckld@wikipedia.org,JUVw58,rveckld,2017-12-29 13:58:48
Rowland,MacCoveney,rmaccoveneyle@europa.eu,gLsB2mwJPTPV,rmaccoveneyle,2018-06-05 19:53:49
Sydney,Grinsdale,sgrinsdalelf@cnbc.com,1fbEZu,sgrinsdalelf,2017-07-02 22:09:19
Lucais,Cholerton,lcholertonlg@tmall.com,vwuhmeB,lcholertonlg,2021-06-22 17:41:39
Michell,Bauman,mbaumanlh@dailymotion.com,BZudU5SK,mbaumanlh,2019-07-10 15:01:00
Ode,Caston,ocastonli@tmall.com,7SpzVyM,ocastonli,2016-11-16 08:35:22
Adamo,Crebbin,acrebbinlj@weather.com,USJYZPhsgzcP,acrebbinlj,2020-06-07 09:16:17
Dominique,Maidlow,dmaidlowlk@gizmodo.com,HQ1B1CSqfa,dmaidlowlk,2021-12-14 04:44:02
Angelle,Styan,astyanll@bravesites.com,gXClOLRBg,astyanll,2018-12-26 10:49:40
Elinor,McCrone,emccronelm@google.fr,gHC2fYDg,emccronelm,2021-07-30 13:05:59
Eloisa,Skully,eskullyln@yale.edu,09KuYex3,eskullyln,2017-06-16 21:41:41
Almira,Hue,ahuelo@slate.com,sU5Ybbi6,ahuelo,2017-01-21 11:54:39
Jonis,Persse,jpersselp@goodreads.com,KR8KWAgvI4,jpersselp,2022-03-07 17:34:57
Georgeanna,Targe,gtargelq@weibo.com,FGDydGFfK,gtargelq,2019-05-16 08:36:47
Bill,Keston,bkestonlr@fastcompany.com,LpsYc7NqqBa8,bkestonlr,2017-07-03 07:49:38
Malcolm,Larne,mlarnels@gmpg.org,EzmRSUdVD2ug,mlarnels,2015-10-23 17:23:22
Berti,Pimbley,bpimbleylt@pagesperso-orange.fr,U8eRUfIdoqj,bpimbleylt,2015-08-09 22:38:10
Woody,Taunton,wtauntonlu@howstuffworks.com,gHSGUadS,wtauntonlu,2020-07-26 21:36:33
Ronnie,Marrion,rmarrionlv@accuweather.com,KrU3sUCD,rmarrionlv,2019-10-09 21:21:51
Wang,Guilaem,wguilaemlw@stanford.edu,QdlGp3E0NtN,wguilaemlw,2015-09-04 05:15:26
Ola,Halleday,ohalledaylx@sina.com.cn,Uv5n1kB,ohalledaylx,2016-12-20 15:05:52
Billie,Beernaert,bbeernaertly@usnews.com,yDNfZ3W,bbeernaertly,2021-05-07 06:46:42
Christalle,Doe,cdoelz@unicef.org,5e451G0,cdoelz,2020-09-24 07:39:18
Vanya,Dadswell,vdadswellm0@foxnews.com,MOvaG5,vdadswellm0,2017-08-20 18:57:25
Jereme,Beament,jbeamentm1@noaa.gov,T7AvJQKJW,jbeamentm1,2021-10-02 03:56:23
Dukie,Laurenzi,dlaurenzim2@nifty.com,YQu20fD,dlaurenzim2,2015-10-07 07:37:34
Anatollo,Hammand,ahammandm3@hugedomains.com,qLWF6L1Yf,ahammandm3,2015-08-14 03:22:59
Kendall,Cleveland,kclevelandm4@cbslocal.com,AqO2R97,kclevelandm4,2020-09-09 17:04:59
Vincent,Brymner,vbrymnerm5@4shared.com,wkD8416b7,vbrymnerm5,2015-04-06 03:18:21
Michaelina,Cutsforth,mcutsforthm6@topsy.com,auI4XmwbX88q,mcutsforthm6,2018-01-16 21:13:05
Celinda,Purse,cpursem7@bigcartel.com,0W4mp7AV,cpursem7,2021-06-06 15:54:56
Rafael,Emanueli,remanuelim8@ebay.co.uk,igkqTeRW,remanuelim8,2016-03-11 22:09:37
Joellyn,Wrennall,jwrennallm9@drupal.org,4W3AiyTSl,jwrennallm9,2019-02-02 18:03:28
Charita,Claffey,cclaffeyma@yahoo.co.jp,c9HsFK,cclaffeyma,2021-04-24 10:25:07
Eudora,Cleare,eclearemb@paginegialle.it,lFwvKbyt7NZ9,eclearemb,2021-02-28 07:59:58
Farlie,Wenderoth,fwenderothmc@a8.net,8XWHnLae,fwenderothmc,2017-04-28 07:40:07
Rod,Townson,rtownsonmd@shareasale.com,ivit7or,rtownsonmd,2015-04-14 00:10:00
Yoshi,Yakovich,yyakovichme@elpais.com,c17rkrd,yyakovichme,2016-11-04 15:35:12
Skylar,Birchenhead,sbirchenheadmf@clickbank.net,g2UBGH3,sbirchenheadmf,2019-10-14 02:24:01
Gabbie,Bebbington,gbebbingtonmg@github.com,Rjopz3IiU3,gbebbingtonmg,2016-06-27 02:03:25
Charmaine,Gurnett,cgurnettmh@woothemes.com,fih3DI,cgurnettmh,2016-09-22 00:15:59
Forest,Whorlow,fwhorlowmi@sitemeter.com,ntap5gC,fwhorlowmi,2021-02-05 13:29:45
Frederik,Lalor,flalormj@sun.com,98Cf6nvJN,flalormj,2016-10-08 18:03:16
Jerrine,Croizier,jcroiziermk@meetup.com,cshUMV2,jcroiziermk,2020-03-10 15:55:41
Reagan,Collick,rcollickml@imdb.com,ceFhgC67,rcollickml,2019-12-09 00:10:17
Sal,Garrattley,sgarrattleymm@un.org,RHXMDrxqf,sgarrattleymm,2019-11-16 03:52:02
Winonah,Gittose,wgittosemn@adobe.com,fH6JDagP,wgittosemn,2021-05-02 04:37:43
Celisse,Farland,cfarlandmo@youtube.com,TFuskJs6duA,cfarlandmo,2021-02-21 11:42:31
Shem,Ruxton,sruxtonmp@artisteer.com,Y2FXnOinj,sruxtonmp,2017-06-09 10:14:47
Ibrahim,Tant,itantmq@newsvine.com,pfGF5oUk0,itantmq,2020-06-27 09:48:00
Consuelo,Baptiste,cbaptistemr@ed.gov,PzmLy4pF,cbaptistemr,2015-09-11 05:18:54
Cornall,Corringham,ccorringhamms@printfriendly.com,VfPugCD3Fqu,ccorringhamms,2016-11-17 06:16:59
Yance,Garaway,ygarawaymt@eepurl.com,NuZvYl5SwQy9,ygarawaymt,2020-02-23 21:03:15
Khalil,McCroft,kmccroftmu@mapquest.com,FziwGJZ7,kmccroftmu,2020-04-14 19:40:18
Korry,Rudram,krudrammv@blinklist.com,Ar6AfQT,krudrammv,2017-02-17 05:32:08
Mauricio,Wigginton,mwiggintonmw@pagesperso-orange.fr,9pk86KR4,mwiggintonmw,2016-07-04 02:08:25
Kettie,Barhams,kbarhamsmx@newyorker.com,AgAfap0t4E,kbarhamsmx,2016-08-10 21:52:16
Margit,Werendell,mwerendellmy@163.com,ljOaTJMBwnNK,mwerendellmy,2017-07-07 23:00:51
Minerva,Dennert,mdennertmz@bloglovin.com,wMrDMmlUCQ,mdennertmz,2016-07-17 01:04:29
Flin,Picton,fpictonn0@blogspot.com,nDraAlX,fpictonn0,2016-02-01 17:34:00
Griffin,Fludgate,gfludgaten1@cocolog-nifty.com,Gq6phIA4q,gfludgaten1,2018-04-02 01:43:42
Sauveur,Ploughwright,sploughwrightn2@amazon.co.uk,fThiFXRCER,sploughwrightn2,2021-11-01 06:54:45
Arda,Flecknoe,aflecknoen3@marketwatch.com,uptIbD1Fh9P,aflecknoen3,2020-04-19 22:09:22
Cynthea,Macknish,cmacknishn4@pcworld.com,UEAGITYFLyi0,cmacknishn4,2018-05-06 18:41:43
Penny,Coiley,pcoileyn5@constantcontact.com,147u58DZ6I4,pcoileyn5,2019-10-06 19:06:49
Carce,Latour,clatourn6@businesswire.com,OxcEHabxviaK,clatourn6,2020-08-15 08:31:25
Arch,Eaton,aeatonn7@vimeo.com,sF0fvuffwa,aeatonn7,2016-09-11 22:59:25
Lucian,Silbersak,lsilbersakn8@mail.ru,nexGugsA,lsilbersakn8,2021-06-23 00:24:06
Normy,Dalzell,ndalzelln9@odnoklassniki.ru,apM7LRd,ndalzelln9,2020-12-10 00:44:29
Cymbre,Tittershill,ctittershillna@dropbox.com,HFZB6pO3,ctittershillna,2021-02-06 23:44:33
Vicky,Melland,vmellandnb@desdev.cn,slS7plly8Rr,vmellandnb,2015-04-14 17:47:31
Trever,Girodias,tgirodiasnc@com.com,55tt16A4W,tgirodiasnc,2022-03-15 08:18:16
Torrey,Ilieve,tilievend@yellowbook.com,d0fxJNSomBw,tilievend,2017-08-25 22:30:24
Lily,Insley,linsleyne@goodreads.com,37UMeR3M,linsleyne,2017-09-08 11:44:08
Dalia,Masterton,dmastertonnf@networkadvertising.org,3AZPbYZideo,dmastertonnf,2021-01-07 16:18:57
Stormi,Verbrugge,sverbruggeng@imgur.com,h7eLO1,sverbruggeng,2020-12-18 22:58:07
Ester,Kilmurry,ekilmurrynh@ucoz.com,UkdaMM7Z8S,ekilmurrynh,2021-04-20 08:11:40
Derril,Goodenough,dgoodenoughni@umn.edu,tQLWE9Km,dgoodenoughni,2015-10-14 17:13:44
Caryl,Glanville,cglanvillenj@comsenz.com,chO61p,cglanvillenj,2015-12-06 15:42:11
Jasun,Kesey,jkeseynk@tiny.cc,42h5EElDW,jkeseynk,2017-02-21 04:46:37
Clyde,Ciccoloi,cciccoloinl@unesco.org,glsLX6xY,cciccoloinl,2018-11-25 14:03:49
Vi,Wenzel,vwenzelnm@sun.com,3X9JzbF,vwenzelnm,2016-10-07 19:51:30
Rowan,Domesday,rdomesdaynn@yolasite.com,jK8X0u,rdomesdaynn,2018-07-14 17:09:19
Betty,Orlton,borltonno@mysql.com,IJcEA1TjP,borltonno,2020-12-25 09:23:10
Bree,Barnshaw,bbarnshawnp@mashable.com,TbOQ0Y,bbarnshawnp,2018-08-20 14:17:04
Gav,Bunn,gbunnnq@behance.net,5lQRUvrGygV,gbunnnq,2020-03-16 21:04:11
Rica,Shearston,rshearstonnr@163.com,3CpCXzL1tYTR,rshearstonnr,2017-05-25 02:44:08
Benedikta,Pinke,bpinkens@skype.com,2x4rrMg,bpinkens,2018-08-11 00:42:50
Marjie,Wollrauch,mwollrauchnt@arizona.edu,jVUM0B2u,mwollrauchnt,2016-12-09 18:43:39
Lorine,Penchen,lpenchennu@51.la,dukeCxJ,lpenchennu,2019-03-23 00:49:08
Bambie,Storer,bstorernv@upenn.edu,Wl4uuS,bstorernv,2018-11-20 21:10:56
Marcellus,Siely,msielynw@ifeng.com,H3PbjBv,msielynw,2022-01-05 12:47:14
Byrle,Wooderson,bwoodersonnx@businessinsider.com,v1rY34ZkxIyW,bwoodersonnx,2016-06-22 00:59:51
Magdalena,Franz,mfranzny@oracle.com,uOsBsx,mfranzny,2017-11-17 00:31:28
Bryant,Gannaway,bgannawaynz@ibm.com,RUqr1pdcxTai,bgannawaynz,2019-11-22 13:48:09
Myron,Stot,mstoto0@cloudflare.com,RmLErJM,mstoto0,2021-03-04 16:32:17
Codie,Irving,cirvingo1@marketwatch.com,Al68fynP,cirvingo1,2016-01-02 09:18:20
Simon,Cottle,scottleo2@dot.gov,9bK7Da,scottleo2,2020-08-25 00:19:53
Mariam,Saphir,msaphiro3@over-blog.com,hRvQFnR48A,msaphiro3,2018-12-28 23:46:21
Stanfield,Liggons,sliggonso4@wikia.com,ivqYp6z,sliggonso4,2022-02-18 14:11:03
Margeaux,Downer,mdownero5@usda.gov,ZoKOPd,mdownero5,2019-11-06 22:58:40
Coralie,Baffin,cbaffino6@ifeng.com,GDXDZZF22ri,cbaffino6,2021-12-30 07:32:04
Gusti,Colten,gcolteno7@miitbeian.gov.cn,CoccfKc20M9x,gcolteno7,2020-07-30 05:33:28
Aylmer,Tabbernor,atabbernoro8@arizona.edu,q5mlRjWbq,atabbernoro8,2017-05-09 22:11:55
Sayers,Leat,sleato9@gnu.org,EIODgL,sleato9,2015-04-23 15:39:28
Mella,Attarge,mattargeoa@umich.edu,dJtdCy,mattargeoa,2018-03-30 03:50:26
Almeta,Choat,achoatob@theguardian.com,GOB3rIQbkRa,achoatob,2018-07-14 00:57:18
Yasmin,Kybird,ykybirdoc@google.de,MExBhvS,ykybirdoc,2018-08-12 21:05:39
Karil,Barnewille,kbarnewilleod@gmpg.org,UagjYYxUph,kbarnewilleod,2021-03-27 13:04:34
Fran,Dono,fdonooe@comcast.net,Wlgg61qqLg,fdonooe,2021-01-10 07:32:12
Germain,Jeffcoate,gjeffcoateof@issuu.com,heguVFi,gjeffcoateof,2015-03-19 15:08:42
Giustina,Quincee,gquinceeog@constantcontact.com,bmaMSVl,gquinceeog,2015-05-10 15:29:14
Den,Marrion,dmarrionoh@icq.com,qVYPYaslYis,dmarrionoh,2016-06-23 02:19:17
Audra,Jacklin,ajacklinoi@virginia.edu,Dy8I64UhkH,ajacklinoi,2021-12-03 17:49:52
Stanton,Kettlestringes,skettlestringesoj@apache.org,nmdLu5asokd,skettlestringesoj,2016-05-16 05:37:46
Sandy,Tunno,stunnook@instagram.com,lVtQyL,stunnook,2015-08-09 22:54:39
Bliss,Chapleo,bchapleool@disqus.com,yctWxXgFxAv,bchapleool,2018-09-22 00:50:38
Michele,McGhie,mmcghieom@google.com.hk,p2K8Vp,mmcghieom,2019-05-18 19:29:03
Nona,Charnock,ncharnockon@networksolutions.com,DfvdbGoIz,ncharnockon,2015-06-04 13:44:49
Vernon,McOnie,vmconieoo@hc360.com,M8WqIZXcUwfn,vmconieoo,2018-01-10 09:50:43
Vic,Keese,vkeeseop@gnu.org,ZlBddLgDUFni,vkeeseop,2018-02-18 14:36:59
Maurie,Rosenblatt,mrosenblattoq@newyorker.com,XE6ksR,mrosenblattoq,2016-03-01 00:32:12
Ambur,Opfer,aopferor@newyorker.com,XyDFp5Maq2,aopferor,2021-03-03 18:19:51
Suzann,Pointin,spointinos@hugedomains.com,R1i4YQJoQYr,spointinos,2017-09-28 19:53:01
Duff,Gelletly,dgelletlyot@mayoclinic.com,sCjCQDN8v,dgelletlyot,2015-04-29 13:43:19
Ara,Beatty,abeattyou@woothemes.com,HMsE1R6CYWqt,abeattyou,2021-07-25 11:36:41
Tedra,Delacourt,tdelacourtov@amazon.co.jp,lkvXkl4WVDOu,tdelacourtov,2019-11-06 11:08:45
Jessalyn,Beathem,jbeathemow@hp.com,ZEhks436Ep,jbeathemow,2018-07-09 17:46:20
Umeko,Garfield,ugarfieldox@dot.gov,Jis0tweJVNjm,ugarfieldox,2017-02-21 06:25:43
Norma,Ambage,nambageoy@godaddy.com,aWWaENm,nambageoy,2020-02-07 23:56:36
Briana,Fullalove,bfullaloveoz@canalblog.com,wKR47aKej,bfullaloveoz,2022-03-25 20:40:23
Hatti,Waiton,hwaitonp0@hao123.com,ib1UfpV6j,hwaitonp0,2017-09-03 22:59:05
Alexine,Roose,aroosep1@pen.io,uLlJG4sA4Q,aroosep1,2021-09-24 18:49:57
Shara,Saxton,ssaxtonp2@seesaa.net,MuYRRTmoS,ssaxtonp2,2015-07-29 16:17:55
Catherina,Goldsbury,cgoldsburyp3@cnn.com,d8uQJVuns,cgoldsburyp3,2017-12-08 17:32:51
Arvie,Jori,ajorip4@skype.com,Gehg4Rut,ajorip4,2018-05-14 18:46:22
Shauna,Parradice,sparradicep5@illinois.edu,RB2QDmOru9,sparradicep5,2021-05-01 03:37:51
Cass,Richin,crichinp6@opensource.org,SHJQWR6Y2j,crichinp6,2021-08-14 12:42:19
Jerad,Ebbotts,jebbottsp7@elpais.com,PfhclXbeYcR5,jebbottsp7,2015-07-27 05:01:18
Drucy,Catterell,dcatterellp8@gmpg.org,qLbOPPDptD,dcatterellp8,2015-10-05 16:45:55
Fanny,Ruddle,fruddlep9@rakuten.co.jp,Vuul1j,fruddlep9,2020-08-10 08:18:14
Constantin,Hollow,chollowpa@mail.ru,lE349Vewd,chollowpa,2019-03-21 03:11:50
Polly,Gunbie,pgunbiepb@e-recht24.de,2SgYus5,pgunbiepb,2021-04-08 01:14:10
Harriot,Palmby,hpalmbypc@wix.com,zB40OlIWVq,hpalmbypc,2019-11-12 21:33:23
Marigold,Jenik,mjenikpd@vinaora.com,BlkfAJtsJiOv,mjenikpd,2020-07-26 07:39:12
Britta,Copnar,bcopnarpe@npr.org,yfMh01,bcopnarpe,2018-12-16 01:15:30
Madelin,Emlen,memlenpf@latimes.com,BDlTEShV27YC,memlenpf,2016-03-11 23:00:58
Mavis,Mabbott,mmabbottpg@pagesperso-orange.fr,2wpUZ41N7p,mmabbottpg,2021-01-12 22:01:09
Allison,Morgan,amorganph@wikia.com,uWn2CmxHi,amorganph,2021-10-30 14:12:30
Kathryne,Tilliard,ktilliardpi@uol.com.br,ammf7hLZJRX,ktilliardpi,2015-07-31 12:48:02
Alphonse,MacCall,amaccallpj@google.cn,5m6QmlW,amaccallpj,2019-08-27 23:06:41
Vikky,Gogerty,vgogertypk@csmonitor.com,8hhptK,vgogertypk,2018-03-01 09:47:49
Wallache,Flinn,wflinnpl@cam.ac.uk,hJcHOmnuwjsB,wflinnpl,2016-03-25 07:03:50
Krystyna,Lafflin,klafflinpm@myspace.com,K79VlaGvZdR,klafflinpm,2019-10-15 14:57:36
Shaylynn,Mumbeson,smumbesonpn@discuz.net,prJ58Ixa,smumbesonpn,2017-05-28 09:29:34
Lamont,Ebi,lebipo@drupal.org,e77PaA8DU2cs,lebipo,2015-03-31 16:58:11
Rod,Mandres,rmandrespp@chicagotribune.com,JiquJACwpOSe,rmandrespp,2018-02-18 17:28:43
Alyosha,Pavinese,apavinesepq@ifeng.com,EeKvp9nxw,apavinesepq,2016-03-08 21:37:02
Ddene,Bresman,dbresmanpr@oaic.gov.au,GcRAsEJQVx,dbresmanpr,2015-08-06 10:32:22
Michail,Shanks,mshanksps@mit.edu,is4MGY,mshanksps,2020-08-06 03:56:24
Corissa,Saw,csawpt@trellian.com,jOd1xQ6go,csawpt,2020-04-02 22:05:27
Gerri,Fearn,gfearnpu@php.net,gghj82Bac,gfearnpu,2016-12-08 06:09:50
Romeo,Minifie,rminifiepv@acquirethisname.com,4PNdNne,rminifiepv,2017-06-17 16:04:28
Adair,Halgarth,ahalgarthpw@reverbnation.com,becKMF,ahalgarthpw,2020-08-26 07:35:30
Eward,Muggach,emuggachpx@wisc.edu,dfgLFfQA2,emuggachpx,2021-10-23 09:31:23
Ethelind,Scutt,escuttpy@cpanel.net,OXtEFoFRR8,escuttpy,2020-07-18 00:29:01
Lenee,Hagard,lhagardpz@fastcompany.com,Fp11Jak,lhagardpz,2016-01-10 15:08:51
Gael,Lodewick,glodewickq0@youtu.be,ge2HlCL1YF,glodewickq0,2020-11-06 12:09:48
Gregory,Collumbell,gcollumbellq1@japanpost.jp,LgwoUeuPb,gcollumbellq1,2018-02-07 11:29:20
Demetria,McMorran,dmcmorranq2@jigsy.com,IbAcNyJC,dmcmorranq2,2015-08-21 05:28:02
Phaidra,De Ferrari,pdeferrariq3@china.com.cn,EiPc8eJBkh,pdeferrariq3,2016-08-13 10:11:29
Even,Spriggen,espriggenq4@constantcontact.com,a0FRDcIPz0p5,espriggenq4,2018-07-09 20:14:40
Irwinn,Camm,icammq5@omniture.com,bkDIrwMdRmc0,icammq5,2021-07-11 16:18:51
Mata,Dunbabin,mdunbabinq6@home.pl,JfvYM70,mdunbabinq6,2015-06-22 00:48:25
Raynard,Shimony,rshimonyq7@nba.com,prpS0eQV1,rshimonyq7,2015-09-26 15:17:29
Stephannie,Doud,sdoudq8@unicef.org,6KcRcihFvR,sdoudq8,2018-11-08 04:08:29
Victor,Lyne,vlyneq9@seesaa.net,HJNZXy4jMT,vlyneq9,2016-11-19 12:40:42
Lewes,Laste,llasteqa@geocities.jp,2L75LJ,llasteqa,2018-06-27 11:29:35
Aron,Sollitt,asollittqb@mit.edu,d4cfAOt,asollittqb,2019-09-17 13:23:43
Skyler,Castiblanco,scastiblancoqc@ow.ly,6NePgPIW,scastiblancoqc,2018-03-21 03:19:52
Graham,Steddall,gsteddallqd@dagondesign.com,PZh7YiGmnaM,gsteddallqd,2018-11-22 05:46:10
Moishe,Faulkner,mfaulknerqe@prnewswire.com,YT2tERxONg,mfaulknerqe,2019-06-08 19:28:00
Buckie,Carse,bcarseqf@tinypic.com,WNwKyX0UbmDD,bcarseqf,2015-11-29 19:26:46
Timmi,Boyan,tboyanqg@cnet.com,9l7mBOMA,tboyanqg,2018-12-17 08:34:51
Valentina,Ellaway,vellawayqh@tripod.com,tQbJwL,vellawayqh,2018-05-18 03:27:56
Brennan,Derkes,bderkesqi@symantec.com,H67FSJC,bderkesqi,2020-05-22 06:47:06
Jody,Vakhonin,jvakhoninqj@tumblr.com,8NYkG3I6ce,jvakhoninqj,2021-01-23 14:34:58
Ethyl,Hedling,ehedlingqk@redcross.org,skU7hGXWBp1S,ehedlingqk,2018-08-19 21:43:35
Felice,Matz,fmatzql@spiegel.de,bv0P7HZhexO9,fmatzql,2020-09-16 18:19:32
Rafaellle,Hatwell,rhatwellqm@issuu.com,bfm3Z1X2Uyd,rhatwellqm,2019-05-04 13:12:42
Kerk,Malia,kmaliaqn@usnews.com,PlbaHiAwH3nU,kmaliaqn,2017-10-29 23:07:59
Courtenay,Wymer,cwymerqo@usnews.com,yoPkZISpB,cwymerqo,2018-08-11 10:35:23
Webster,Zanutti,wzanuttiqp@businesswire.com,3KKxEnXS,wzanuttiqp,2018-11-05 16:40:06
Krystalle,Haughan,khaughanqq@desdev.cn,mwbZVhdeommm,khaughanqq,2020-07-21 11:51:03
Budd,Greenwood,bgreenwoodqr@hibu.com,IOz3NLWT5,bgreenwoodqr,2020-01-10 10:24:37
Flemming,Albasiny,falbasinyqs@storify.com,CXliW8MQ,falbasinyqs,2021-06-05 17:32:44
Lani,Flynn,lflynnqt@prweb.com,F8J10bJxZwP,lflynnqt,2020-07-18 22:14:53
Holly-anne,Jarrold,hjarroldqu@blogs.com,NGPMFiI,hjarroldqu,2021-07-08 03:44:56
Kiah,Sandbatch,ksandbatchqv@gizmodo.com,D6iNvnIA2fL,ksandbatchqv,2017-12-20 11:05:39
Paule,Ingrem,pingremqw@geocities.com,JncUVzNq6zhr,pingremqw,2017-11-05 05:13:23
Ania,Picken,apickenqx@amazon.com,vZ5GhWXQA,apickenqx,2016-12-27 01:37:07
Liana,Brooker,lbrookerqy@yahoo.com,I4nTNfioC,lbrookerqy,2019-05-27 23:00:56
Grayce,Hannon,ghannonqz@ihg.com,QENcC8,ghannonqz,2016-11-28 01:17:18
Lane,Niles,lnilesr0@bloglines.com,3Z1OHu,lnilesr0,2021-08-03 10:02:05
Joni,Wyley,jwyleyr1@xinhuanet.com,N1ELtQ,jwyleyr1,2016-07-19 05:07:01
Rennie,Salling,rsallingr2@gnu.org,jwyM7sLIa,rsallingr2,2016-01-20 17:36:25
Osbourn,Cloy,ocloyr3@ftc.gov,P9CITenvoQ,ocloyr3,2015-09-09 10:41:00
Gina,Wedge,gwedger4@usatoday.com,72C1U9na,gwedger4,2017-07-23 16:05:46
Nolan,Anfonsi,nanfonsir5@google.de,ll147X5Y,nanfonsir5,2019-03-17 18:37:49
Rosalinda,Soars,rsoarsr6@list-manage.com,yydmVIsY7,rsoarsr6,2020-08-30 00:10:51
Niven,Bloss,nblossr7@unc.edu,BWs0or,nblossr7,2019-12-07 23:15:18
Justina,Gerdts,jgerdtsr8@dmoz.org,lzzPGNY,jgerdtsr8,2017-05-11 05:59:15
Vanya,Rosenthal,vrosenthalr9@archive.org,SPMXTx,vrosenthalr9,2019-09-01 23:04:04
Veronike,Szymon,vszymonra@booking.com,4FfjSKb,vszymonra,2016-06-18 10:25:39
Zebulen,Ringe,zringerb@disqus.com,mCCmryoA,zringerb,2022-01-07 15:03:16
Miner,Rowatt,mrowattrc@freewebs.com,suMdQ6g,mrowattrc,2015-10-30 01:19:10
Legra,Saulter,lsaulterrd@fc2.com,2XyNOkdS,lsaulterrd,2020-01-22 09:47:22
Blakeley,Francesco,bfrancescore@ed.gov,QZASUiIA,bfrancescore,2021-02-03 12:12:46
Jase,O'Crigane,jocriganerf@istockphoto.com,SHyggjRemVm,jocriganerf,2022-03-05 01:33:02
Yasmeen,Barthelmes,ybarthelmesrg@cmu.edu,2MAnHqOPK,ybarthelmesrg,2018-08-23 15:49:21
Addie,Buckthorpe,abuckthorperh@wsj.com,eiuG4WpjR,abuckthorperh,2020-03-05 19:57:25
Steffane,Bertolaccini,sbertolacciniri@elegantthemes.com,s5rHsGi,sbertolacciniri,2017-07-13 10:54:09
Skippie,Potkin,spotkinrj@jalbum.net,OXDz8LdWOul,spotkinrj,2016-07-25 12:57:19
Roman,Yosevitz,ryosevitzrk@vk.com,IRhT9ysYnZJ,ryosevitzrk,2016-08-09 12:09:13
Kelsey,Thorne,kthornerl@ibm.com,RszxdYEddfl,kthornerl,2021-07-12 22:26:12
Sadie,Naisby,snaisbyrm@mashable.com,bPPmrRC1tsIe,snaisbyrm,2016-03-18 08:38:18
Kearney,Nutten,knuttenrn@purevolume.com,LsqITle3IbuQ,knuttenrn,2021-10-13 10:50:08
Anna-diane,Ainley,aainleyro@godaddy.com,5Ac4IaAM6,aainleyro,2018-12-07 14:22:00
Kliment,McParlin,kmcparlinrp@zdnet.com,HCmvElciBNCc,kmcparlinrp,2017-11-16 01:15:01
Den,Grellis,dgrellisrq@joomla.org,5mGASfzxl,dgrellisrq,2015-12-28 20:53:25
Meryl,Dane,mdanerr@bandcamp.com,e4gsMU92Frk,mdanerr,2021-08-23 16:58:59
